arrival_rate,num_servers,service_time,simulation_time,queue_limit,avg_response_time,requests_served,dropped_requests,load_intensity,drop_rate
4.197133992289419,7,0.11750752865586686,1257,25,0.11750752865586686,5334,0,0.07045640612449454,0.0
2.5884401431792576,10,0.22545804683301113,811,14,0.22545804683301113,2040,0,0.0583584659025355,0.0
4.441286509481408,3,0.1262786872892628,1289,28,0.1272354139526699,5909,0,0.18694661009760807,0.0
3.3833314998913693,8,0.7539674778110831,840,25,0.7563888324149636,2876,0,0.31886523969648556,0.0
1.19349587915584,3,0.6457382038078213,844,27,0.6524214411867949,1028,0,0.2568952950860429,0.0
4.263457633716624,3,0.7055132925578929,832,21,3.244160750135709,3338,142,1.002642010948166,0.04080459770114943
1.126669395845282,6,0.39121040017872777,1479,49,0.39121040017872777,1652,0,0.07346079753629305,0.0
3.098830061210564,9,0.5057926124178919,1555,31,0.5057926124178919,4849,0,0.1741517057887541,0.0
2.664695040539508,7,0.6133202910124801,1722,49,0.6133268021256709,4485,0,0.2334730768176005,0.0
2.9376965273192988,9,0.6586497644140029,1024,39,0.6586610639266988,3038,0,0.21499034729318786,0.0
1.7852116069984167,5,0.1790604344782517,1585,23,0.1790604344782517,2975,0,0.06393215319695089,0.0
1.302605971420432,6,0.4407142318222874,1797,17,0.4407142318222874,2327,0,0.09567949834361338,0.0
4.720096893999138,4,0.1650278120068448,963,40,0.16559154503987225,4563,0,0.19473681571924542,0.0
5.180830980140485,4,0.27612611146211535,1112,40,0.28332595277668315,5841,0,0.35764067817216294,0.0
1.799923607679713,10,0.1351392201977527,999,40,0.1351392201977527,1792,0,0.024324027275736217,0.0
5.996152815612832,6,0.5932026907203186,867,16,0.6522480038396158,5287,0,0.5928223306986243,0.0
4.830426741315662,7,0.4208868149985855,818,15,0.42126518090408155,3959,0,0.2904375608909065,0.0
4.5098842661445016,4,0.21590536061707627,1419,12,0.21680583720506796,6227,0,0.24342704720580174,0.0
5.409644153949258,4,0.5674948873106094,1490,18,0.8198188295050797,8010,1,0.7674863498839827,0.00012482836100362001
4.3100192883460275,3,0.2312121095815434,1618,23,0.24243695772320986,6966,0,0.3321762173318758,0.0
4.916339483468859,5,0.4540810548883506,1326,33,0.4660578191209122,6387,0,0.44648332376855765,0.0
5.497605478993512,5,0.19615578561092223,1585,35,0.19629530322189195,8637,0,0.21567742434217654,0.0
3.1456419884891726,10,0.17869971398987972,870,10,0.17869971398987972,2742,0,0.05621253236575716,0.0
1.068769185891247,7,0.7930017296437011,1786,35,0.7930017296437011,1919,0,0.1210765447145213,0.0
2.799883344860964,7,0.7369628258834648,1515,25,0.7375363445784194,4221,0,0.29477284885325483,0.0
3.0547808384889024,3,0.784764094956024,803,45,1.7851683197771946,2445,0,0.7990941066685825,0.0
2.797370475083345,7,0.5061132514687604,1563,33,0.5061132514687604,4506,0,0.20225518095816325,0.0
1.8859929753000795,5,0.6861680211090352,1210,46,0.6873533915925726,2250,0,0.2588216135374394,0.0
2.855123815084822,5,0.7270826631051293,1523,26,0.7465962245276102,4372,0,0.41518220539334977,0.0
2.8458089680531824,3,0.6707237243616742,1805,23,0.9251095701075369,5099,0,0.636250529958161,0.0
1.198469674169302,10,0.5534705177369008,1295,37,0.5534705177369008,1496,0,0.06633176310544583,0.0
5.072872969834555,4,0.29044676553823323,1137,11,0.2993862229675318,5767,0,0.3683498865186945,0.0
3.8837134124980213,3,0.6018499614323495,1930,14,1.1461504316231432,7530,17,0.7791375891754108,0.0022525506823903537
2.710261973962877,10,0.1562532863058338,1237,10,0.1562532863058338,3289,0,0.04234873401814357,0.0
5.6919429704705955,5,0.13409630326407054,1614,50,0.1341119134330429,9083,0,0.15265370214600388,0.0
2.279297013495153,4,0.5582372842288026,1139,25,0.5699688574207067,2622,0,0.31809714369108866,0.0
4.997805740370305,10,0.621037059391285,1012,30,0.6210471004409023,5088,0,0.3103822580408458,0.0
2.648241738406963,3,0.11734927406317146,1570,29,0.11738947122972074,4076,0,0.10358974851528278,0.0
2.9082766901308172,4,0.7675897685802552,996,50,0.8815638743103975,2876,0,0.5580908578862162,0.0
5.692006600694557,8,0.5618250764414292,1382,16,0.5634842611804982,7995,0,0.3997390054425424,0.0
1.6003750143083897,7,0.6202782029781091,1008,30,0.6202782029781091,1624,0,0.14181110542375336,0.0
1.587023940266993,6,0.4491473014485923,1502,29,0.4491473014485923,2439,0,0.11880125335087198,0.0
5.863139105578054,10,0.3955212205936598,831,34,0.3955231201062325,4873,0,0.23189959355486506,0.0
5.9459711036653715,3,0.33819272108223863,1595,29,0.4897408753242423,9307,0,0.6702947156749844,0.0
2.61853070191887,10,0.4778243826990103,1048,41,0.4778243826990103,2709,0,0.12511978162227902,0.0
1.1044409367262245,7,0.7889748444113748,1787,39,0.7889748444113748,2030,0,0.12448230231644657,0.0
3.9931552689876275,4,0.4168726453622973,1863,38,0.4305699967445008,7499,0,0.416159300081317,0.0
2.1531608386147463,9,0.29412006154240194,816,46,0.29412006154240194,1691,0,0.07036531092933988,0.0
2.4500033201361036,6,0.2956088294243074,1176,47,0.295609982314306,2846,0,0.1207071022585167,0.0
1.1571614495016442,6,0.6193969705363171,1138,11,0.6193969705363171,1394,0,0.11945704937378866,0.0
4.019262751524273,10,0.37547278751748825,1399,38,0.3754749781085741,5696,0,0.15091237890800285,0.0
5.247003683741624,10,0.7368972200166478,970,12,0.738245955099642,5106,0,0.3866502427966313,0.0
4.06623192081563,6,0.2819094699307295,963,50,0.2820998198782428,3901,0,0.19105154756875775,0.0
5.857210109521927,9,0.5937266158125359,1031,47,0.5950268157574974,6110,0,0.38639794849215847,0.0
2.6642620339637477,3,0.685911869589763,1380,12,0.9800727124931131,3647,11,0.6091496509310329,0.0030071077091306723
5.202129629677157,10,0.34708006819000214,1834,26,0.34708006819000214,9483,0,0.18055555066015783,0.0
4.299403365736707,9,0.16450433248950913,1708,19,0.16450433248950913,7227,0,0.07858560897596287,0.0
5.500678026340692,6,0.6499909191010255,985,42,0.6970127044468136,5293,0,0.5958984610033335,0.0
3.0734257119226207,6,0.18277798777131526,1210,42,0.18277798777131526,3682,0,0.09362576119830644,0.0
2.0299887760755393,3,0.6231747445488489,1527,16,0.659854119331931,3024,0,0.4216792456559682,0.0
5.801942380701346,6,0.719856163001541,1398,37,0.8690369840381885,8212,0,0.6960939966879495,0.0
3.6162201877581133,10,0.17751702305434985,1444,18,0.17751702305434985,5341,0,0.06419406424398624,0.0
4.082964796398029,3,0.5458778907862508,829,26,0.9202063734743475,3368,0,0.7429334037374233,0.0
1.5812288819793376,9,0.17363681872031783,1344,40,0.17363681872031783,2110,0,0.030506616970619675,0.0
3.8216444768318008,6,0.6785341170243722,1576,16,0.6895831002105061,6038,0,0.4321860267780224,0.0
1.670765010088521,8,0.6225865061425854,1552,36,0.6225865061425854,2602,0,0.13002446877703672,0.0
4.489003096437778,7,0.16675249413432372,1544,12,0.16675249413432372,6896,0,0.1069360660725288,0.0
2.7935438983640575,5,0.12352367692203169,921,34,0.12352367692203169,2601,0,0.06901376279380696,0.0
1.7926051694916452,7,0.41014177742819036,1710,42,0.41014177742819036,3065,0,0.10503175292032367,0.0
4.303407498463615,5,0.7175387092800214,1982,46,0.8187017262138575,8544,0,0.6175722923907097,0.0
1.3809516647701243,7,0.24962083018736755,1338,40,0.24962083018736755,1889,0,0.04924490014407796,0.0
2.9536553873305906,5,0.2202922319490468,1229,12,0.22029980052557818,3669,0,0.13013346753667643,0.0
4.874096210446188,10,0.32263292985677533,1321,13,0.32263292985677533,6523,0,0.15725439407800595,0.0
4.1777562714457925,6,0.7252509454431677,1812,19,0.7435158646153033,7593,0,0.5049869476161973,0.0
4.269488052007584,7,0.13070911536591523,873,27,0.13070911536591523,3797,0,0.07972300090617943,0.0
1.1677764460383002,10,0.648456879213798,1475,34,0.648456879213798,1735,0,0.07572526698173764,0.0
5.989305232285199,8,0.21783025933223366,1221,37,0.21783025933223366,7242,0,0.1630814889960736,0.0
4.615553964722949,7,0.6984298384808881,1996,32,0.7086523377687718,9306,0,0.46052008715446746,0.0
2.722791244499887,8,0.6485343165494912,1266,24,0.6485343165494912,3463,0,0.2207279448573341,0.0
1.7515033058237859,5,0.15151148797414105,1623,29,0.15151148797414105,2806,0,0.05307457441139777,0.0
3.880762453121532,6,0.6773171299651879,1887,27,0.6934479521037474,7297,0,0.4380844811374897,0.0
4.555687653637863,5,0.3019545185711718,1540,31,0.3028631896353811,7083,0,0.2751220944429704,0.0
4.048708540266789,10,0.7246439299918185,1932,27,0.7246467174038906,7788,0,0.29338720680103647,0.0
3.343660766484821,6,0.16404508107426233,1401,50,0.16404508107426233,4701,0,0.09141851692047209,0.0
1.6382542265465636,3,0.16406453469622068,897,17,0.16412505756310586,1417,0,0.08959313913082628,0.0
5.3659245855449935,3,0.18553439016346118,1678,14,0.19325164081055282,8994,0,0.3318545152140712,0.0
2.945483833560626,9,0.7904283311192151,1781,22,0.7904283311192151,5177,0,0.25868820787777264,0.0
1.5844558656248455,7,0.4361946684536988,1499,22,0.4361946684536988,2409,0,0.09873302871224969,0.0
2.457190194858289,8,0.78503120881658,914,50,0.7850970124288076,2264,0,0.24112137362023126,0.0
5.965177679056608,6,0.2420743151090138,896,48,0.24221858326162565,5343,0,0.2406693835268675,0.0
3.7917281315530538,4,0.3711583978278118,1594,44,0.37889290683174504,6114,0,0.35183293457646847,0.0
4.587346045988772,7,0.6776207565705852,1876,21,0.6854522262831501,8653,0,0.44406869976199914,0.0
3.7643741818081233,5,0.11255903941981694,1513,49,0.11255903941981694,5803,0,0.08474286838421634,0.0
4.456174267340225,8,0.2569603089498989,910,20,0.2569603089498989,4110,0,0.1431324895587917,0.0
2.0993871572069085,4,0.3053621077506944,1054,19,0.30565650715736165,2222,0,0.16026832182736,0.0
2.301947228170186,8,0.7348785304373507,867,23,0.7348785304373507,1986,0,0.2114564495227549,0.0
1.1447502247033468,4,0.6324438709155161,1591,19,0.6336457958024148,1838,0,0.18099756583569787,0.0
2.24334038536263,5,0.657722220724059,1920,48,0.6595306031519138,4297,0,0.295098964020135,0.0
4.426441457339448,4,0.38986776181803684,1859,16,0.40893199031675387,8094,0,0.43143170594787494,0.0
5.305148895426806,5,0.5573288904468692,1925,10,0.6104763741900869,10193,9,0.591342549508731,0.0008821799647128014
2.0066904049974204,5,0.7797177213514904,1904,45,0.7872724583711274,3833,0,0.3129304140084976,0.0
5.087476378192616,5,0.3648888549039836,995,37,0.3705946024385678,5243,0,0.3712726859979539,0.0
5.980731159724845,8,0.39403138977183716,1046,38,0.3941654881581438,6230,0,0.294574476339764,0.0
3.6879817358291773,8,0.7854848821719692,937,28,0.7863283985392119,3405,0,0.3621067374025195,0.0
2.594309058112768,9,0.3149693740683954,1857,43,0.3149693740683954,4752,0,0.09079198890819412,0.0
1.9802638912360473,8,0.5242918407544744,1736,42,0.5242918407544744,3393,0,0.1297795250894707,0.0
4.4781987105568675,3,0.39922735341739235,963,24,0.5041749339997158,4359,0,0.5959398064309324,0.0
2.423207134737598,4,0.6230131401800655,1583,25,0.6388233416467386,3928,0,0.3774224715799025,0.0
1.593148887773491,5,0.1076987266408011,1581,38,0.1076987266408011,2520,0,0.0343160213124827,0.0
3.99565600802194,10,0.4730224405714877,1802,19,0.4730244271794114,7215,0,0.18900349565986657,0.0
2.9177913801679347,5,0.4587711062086811,959,38,0.4604430192680892,2759,0,0.2677196758331596,0.0
2.212661750428259,7,0.43640277713807807,982,22,0.43640277713807807,2214,0,0.13794453325058473,0.0
3.0190627651798705,3,0.2408391569988879,956,10,0.24659993769005914,2950,0,0.2423695104308838,0.0
3.7533194641963594,3,0.43072177729865946,1300,44,0.5177645604350886,4841,0,0.5388788101294361,0.0
2.146770097178532,9,0.6965265685165213,1857,32,0.6965265685165213,4131,0,0.1661424899090713,0.0
4.122640567863733,8,0.1322387215834979,1636,34,0.1322387215834979,6711,0,0.06814658978032072,0.0
3.1733273112681886,5,0.2551420379182436,1679,50,0.2552183541203244,5225,0,0.1619298394357172,0.0
5.503479416416633,10,0.30515671382512966,1703,38,0.30515671382512966,9366,0,0.1679423693317942,0.0
3.5664567417268773,10,0.19180793630041243,943,44,0.19180793630041243,3437,0,0.06840747075353254,0.0
1.135937651663176,8,0.28474923747944336,1437,42,0.28474923747944336,1620,0,0.040432172516909864,0.0
2.5552149800756094,8,0.4691526751510017,952,24,0.4691526751510017,2423,0,0.1498482429360482,0.0
5.806323393265739,6,0.5218763254809099,1588,45,0.5441122565389551,9200,0,0.505030452838562,0.0
1.3333078766448079,5,0.23081753156703477,929,23,0.23081753156703477,1231,0,0.06155016658120781,0.0
2.5966286280976503,10,0.7903449694059256,1222,23,0.7904205801928406,3181,0,0.20522323736323878,0.0
1.7681062627092106,7,0.13344746051619857,1297,17,0.13344746051619857,2245,0,0.0337070415259044,0.0
2.7564142733267762,10,0.2204944817014326,1672,24,0.2204944817014326,4603,0,0.06077741365516185,0.0
4.8849521726153435,4,0.6890183208630619,1484,11,1.2053261905737005,7105,157,0.8414553858679475,0.02161938859818232
2.2051282881215934,6,0.7719825412454986,1887,48,0.7741236406413501,4311,0,0.2837200899394073,0.0
1.734977142279264,5,0.6855200842109963,850,43,0.686197766567206,1493,0,0.23787233533588698,0.0
5.326175790938993,6,0.5047182036208255,987,28,0.5126258078919803,5262,0,0.448036312895243,0.0
2.3256700203370757,6,0.46315173883609917,1430,30,0.4632575703266913,3360,0,0.17952301897968378,0.0
5.156918174268242,6,0.43465005645651655,1418,22,0.4388990503104179,7372,0,0.3735757959312213,0.0
2.028211174057694,3,0.4784621440987771,1188,11,0.4947422972927756,2371,0,0.32347408900824737,0.0
1.6610412890523454,5,0.6455333486405315,1567,27,0.6463666952631939,2607,0,0.2144515091104291,0.0
5.154240638452213,3,0.36263662330863855,1933,27,0.469199986450858,9943,0,0.6230388069494905,0.0
2.710784977643959,3,0.39279678825401243,1872,24,0.41137347409612784,4993,0,0.3549292109552573,0.0
3.570932031044431,4,0.7576466476496412,1152,29,0.9588923681371417,4030,0,0.6763761705763844,0.0
1.1711035400713805,4,0.13151153469811175,829,15,0.13151153469811175,982,0,0.038503405961294715,0.0
4.626499282191351,6,0.32505523345589415,1594,10,0.32527720169853563,7403,0,0.25064463404270604,0.0
4.177823558840371,6,0.5487924910346588,1788,23,0.5520923590361486,7420,0,0.38212636632654845,0.0
4.340656132324088,6,0.48610424823901455,1487,24,0.4880461627741316,6408,0,0.3516685643445782,0.0
3.0731054731296306,4,0.3139590946187406,1756,38,0.31574731528615,5373,0,0.24120735300291882,0.0
5.64415427901668,5,0.3360971294047953,1159,26,0.34140458603922524,6543,0,0.3793968102190597,0.0
3.061408213479432,7,0.7011480714277101,1365,34,0.7021700171682249,4169,0,0.3066429235334365,0.0
5.18850126998446,10,0.4509204112995163,1457,29,0.4509238237701584,7489,0,0.23396011266894554,0.0
5.053930367547807,8,0.3894045224649656,1175,14,0.38946202561046755,5924,0,0.2460029176682677,0.0
2.6100964297095937,7,0.39463432385848685,1541,10,0.39463432385848685,3995,0,0.14714766282055658,0.0
5.955233444799765,8,0.3856281336971329,849,41,0.38604029334415396,4909,0,0.2870631948811101,0.0
5.339056755395764,7,0.4429483511863914,1538,14,0.44362151800437216,8150,0,0.3378466266704455,0.0
2.1775819109494923,6,0.23479500389885652,1294,30,0.23479500389885652,2816,0,0.08521422554524426,0.0
1.9057835801807723,9,0.2745300282295047,1348,23,0.2745300282295047,2482,0,0.05813275778515043,0.0
4.50347971499051,4,0.597985710203975,1764,35,0.761055062973609,7906,0,0.6732541289394487,0.0
1.4750786609425628,9,0.28968095682443784,949,48,0.28968095682443784,1422,0,0.04747802198812801,0.0
4.360738641006211,5,0.722865661875554,1778,30,0.7979985329522405,7680,0,0.6304456447994518,0.0
5.168765498876803,7,0.5889806668833515,1118,36,0.5950412972530337,5735,0,0.434900421498874,0.0
3.7725116886421857,8,0.33164934839501253,858,31,0.33164934839501253,3139,0,0.15639388041884367,0.0
2.3240027391755813,4,0.22718084702619765,1297,36,0.22725884880950642,3006,0,0.131992227694278,0.0
2.474902042384882,3,0.39314727149400075,1647,22,0.4118000524649573,4101,0,0.32433366172618205,0.0
2.31678034583002,4,0.3359503464391346,1400,24,0.33641421144818034,3089,0,0.19458078995124328,0.0
1.1992251281880413,7,0.2164261155848251,1148,23,0.2164261155848251,1380,0,0.037077662315064534,0.0
1.1539081832922395,6,0.776218910969695,1515,15,0.7764209614710644,1794,0,0.14928089223235355,0.0
5.708262282393184,4,0.5574543372071584,1414,27,0.9442800242149925,7949,7,0.7955238918090284,0.0008798391151332328
2.460198335755738,4,0.4775962365048445,915,27,0.48140755780471445,2267,0,0.29374536655310557,0.0
1.734941526060131,10,0.34901215800342134,803,26,0.34901215800342134,1462,0,0.06055156860199954,0.0
1.5129074789219783,7,0.15797742775613238,1152,24,0.15797742775613238,1776,0,0.03414360456472989,0.0
3.624506923354899,5,0.43342706469147685,1268,14,0.43676187625018303,4524,0,0.3141918793487299,0.0
2.5624195252110424,7,0.19161435610197783,987,37,0.19161435610197783,2543,0,0.07014233819806423,0.0
5.237229479835601,3,0.18873008971853053,1221,16,0.19712895631974514,6301,0,0.32947426320196865,0.0
4.123609282932842,7,0.2809255849667909,1528,30,0.2809261411419344,6293,0,0.1654896214260568,0.0
1.722726590638616,3,0.45674136235402574,1564,41,0.46955695495047217,2755,0,0.26228016332392917,0.0
2.7909072867605307,8,0.3807457456990382,1007,48,0.3807457456990382,2748,0,0.1328282595093147,0.0
1.94745976215364,8,0.7816149957701759,1342,20,0.7816321114400928,2605,0,0.19027046921978813,0.0
1.311251430095068,3,0.303184603945794,1847,28,0.30397753335410044,2442,0,0.1325170818355764,0.0
2.7922862786266336,7,0.360544988410044,1457,26,0.360563923488229,4084,0,0.1438206891378521,0.0
5.134846875273269,10,0.2677734447148107,975,34,0.2677734447148107,5121,0,0.1374975635875005,0.0
1.8259756126351676,3,0.4491424597887931,1134,44,0.45738475791519634,2053,0,0.27337439272443587,0.0
3.48370342740512,8,0.328279044397062,1025,17,0.328279044397062,3564,0,0.14295335401391532,0.0
3.4753061491823596,4,0.10901619886880642,1282,27,0.1090185643994601,4379,0,0.0947161665723125,0.0
4.655107000015789,6,0.2798926776403414,1547,41,0.27998570172372733,7078,0,0.21715506048945268,0.0
5.940515419587898,6,0.6171770989716127,1000,13,0.6631493971668564,5971,0,0.6110583455095652,0.0
3.6301230569130105,6,0.5507029313064832,1257,30,0.5538891203539992,4590,0,0.3331865680742077,0.0
3.6936602870864745,4,0.6517025697199167,1166,50,0.736762481286802,4136,0,0.6017919751916652,0.0
3.772571824501957,10,0.3752452227262837,920,25,0.3752452227262837,3557,0,0.14156395545361394,0.0
5.772663378252372,7,0.17403432033849386,1567,24,0.17403432033849386,9180,0,0.14352022108243795,0.0
2.5300352747357584,3,0.3924656129173193,1763,33,0.4062468738280985,4483,0,0.33098394826720257,0.0
2.7882144427955335,4,0.4363177072309057,1020,21,0.44688099019225486,2881,0,0.3041368332371611,0.0
4.320536609903341,9,0.5026833283372428,1065,48,0.5027178865939999,4542,0,0.24131796925212434,0.0
1.070230890848923,8,0.16403636841367825,1579,28,0.16403636841367825,1651,0,0.021944598587374128,0.0
4.5571391899227445,4,0.2918629802961085,1633,50,0.29856740849952407,7366,0,0.3325150563987615,0.0
5.292395684177793,9,0.15702157909984593,1733,32,0.15702157909984593,9142,0,0.09233559195008961,0.0
5.952846893764803,3,0.34392131281228566,1830,49,0.5064578024619506,10948,0,0.682436972891376,0.0
4.518373180491329,10,0.397291967829298,1875,28,0.3972941121697321,8776,0,0.17951133722645238,0.0
5.604927906539872,6,0.4251794893547567,1381,39,0.43058413371206156,7580,0,0.397183397528808,0.0
5.777459669261653,3,0.21859115055725728,1571,21,0.2380093815002634,9044,0,0.42096718546735196,0.0
4.4844673902781444,5,0.6054732888413894,1569,44,0.649342473572296,7010,0,0.5430450438987341,0.0
4.549421243262044,6,0.1266997317559154,823,41,0.1266997317559154,3732,0,0.09606840852766069,0.0
3.343395767975443,3,0.5279279432340173,1430,42,0.702794428675899,4810,0,0.588357350401531,0.0
2.671272865198497,8,0.7241311137402725,1464,17,0.7241311137402725,3952,0,0.24179397437254455,0.0
3.0662747842164397,3,0.6915221471000873,884,47,1.1594152899492411,2689,0,0.7067989741267365,0.0
1.6779071250694764,8,0.5323125974963197,1691,46,0.5323125974963197,2853,0,0.11164638751291438,0.0
4.820732916462923,8,0.5854342156895818,1175,28,0.5856549770954406,5760,0,0.35277774924980265,0.0
1.4676973523090227,4,0.12823727496229456,864,12,0.12823727496229456,1223,0,0.04705337723237096,0.0
1.8800764702490549,5,0.4998751424173222,1504,13,0.5000277522247172,2869,0,0.18796069866424056,0.0
3.1385594191903627,7,0.15257624015448817,1798,47,0.15257624015448817,5659,0,0.0684099422402171,0.0
5.287949385967361,3,0.7743119335253906,1852,13,3.445822301540816,7142,2612,1.3648407711442632,0.2677875743284806
3.6460916002063115,9,0.7972119308099748,1917,10,0.7972977613556419,6964,0,0.3229675249456116,0.0
4.707016419481095,3,0.6526451768436702,1834,16,2.4356347869094686,8130,574,1.0240038544994328,0.06594669117647059
1.9459376176195466,3,0.40895989835441604,1087,26,0.4208510825725722,2094,0,0.2652701501019081,0.0
1.113157182535231,5,0.6061556978274996,1880,24,0.6062156902016027,2109,0,0.13494931375426727,0.0
5.040171264093068,10,0.7564935577471563,1633,21,0.7570919613893571,8391,0,0.38128570912287474,0.0
4.80297211101189,6,0.5615397630515924,1079,48,0.5769115680752585,5197,0,0.44950997019350386,0.0
1.1384426779433634,10,0.1444705063272983,1297,18,0.1444705063272983,1461,0,0.01644713901070831,0.0
4.373172427934998,5,0.6952248784382011,1801,42,0.7656799776974192,7713,0,0.6080676539200803,0.0
1.3076118143080342,9,0.10977418880930667,1649,18,0.10977418880930667,2137,0,0.01594911402145891,0.0
5.845095565653178,6,0.32504107268604143,1981,31,0.32649404066589066,11583,0,0.31664935543538886,0.0
2.282274701827691,10,0.547837528721568,845,37,0.547837528721568,1915,0,0.1250315732513036,0.0
5.0191595661078585,8,0.7440057591930261,984,47,0.7517859267595478,4913,0,0.4667854529366271,0.0
2.306642926277034,9,0.6269358110393484,1220,31,0.6269358110393484,2858,0,0.16067967264040756,0.0
5.50957718493119,6,0.6529211723669448,1697,26,0.7072195560918709,9285,0,0.5995532658052406,0.0
4.908028290525826,3,0.43768383717901216,1629,22,0.7016759550533367,7980,0,0.7160548850601637,0.0
4.326149938402784,3,0.7709387892333432,1869,50,11.488639162234257,7249,913,1.1117322651847148,0.11185983827493262
5.77223887517121,9,0.19493934873521196,922,10,0.19493934873521196,5327,0,0.12502627634110533,0.0
1.0249734780182016,5,0.4532068850679095,1377,38,0.4532068850679095,1378,0,0.09290500744997011,0.0
3.2913224332199986,9,0.17980889891044335,1211,39,0.17980889891044335,4108,0,0.06575656251961436,0.0
5.683907435331165,5,0.289887468673812,1128,39,0.29216244380207534,6576,0,0.32953870772088206,0.0
4.5789902823184345,10,0.2945600806219555,1064,15,0.2945600806219555,4840,0,0.13487877467268689,0.0
1.0100059414604985,6,0.36430061608727027,1891,49,0.36430061608727027,1890,0,0.06132429778764384,0.0
5.497292638806148,9,0.365743246141643,1991,50,0.36575355620931094,10811,0,0.22339973941194657,0.0
3.257129364921526,8,0.6189682628615116,821,26,0.6189918479006147,2646,0,0.2520074631150869,0.0
2.253844794759927,9,0.18807225406587544,1990,48,0.18807225406587544,4516,0,0.04709840787390443,0.0
5.602040029039587,10,0.10308549058481654,1093,38,0.10308549058481654,6149,0,0.05774890446693258,0.0
4.342956547365244,8,0.14826872799129892,1073,25,0.14826872799129892,4673,0,0.08049058037491601,0.0
5.461457855588451,5,0.543358956689966,1659,44,0.5929579133973972,9104,0,0.593506408483752,0.0
5.794511381738484,8,0.6671287281313263,1764,19,0.6765546979426134,10146,0,0.48321062603021114,0.0
3.6201341124248936,5,0.697208313486271,1239,48,0.72767777032478,4451,0,0.5047975198235757,0.0
4.154528859050063,9,0.2483213640077207,1555,29,0.2483213640077207,6564,0,0.11462869700986127,0.0
2.503993504027143,10,0.15671015217423195,1191,36,0.15671015217423195,3024,0,0.03924012030593819,0.0
5.140551763401913,6,0.7675237692833017,1174,41,0.8688818527955241,5966,0,0.6575826109403599,0.0
1.6011302615205567,5,0.1017157723232254,867,14,0.1017157723232254,1470,0,0.032572040228130254,0.0
5.811502928521229,10,0.15677407466677065,1079,28,0.15677407466677065,6376,0,0.09110929940421433,0.0
3.0479909930189337,10,0.17589897711054242,1071,31,0.17589897711054242,3257,0,0.053613849791417686,0.0
1.9280221612413024,6,0.2244782269435862,1028,30,0.2244782269435862,1971,0,0.0721331660438981,0.0
4.524576185704037,6,0.47420796486469063,1718,37,0.4761617542048213,7660,0,0.3575983441496593,0.0
5.106332643841754,7,0.2752298977397847,1603,49,0.27523377905592405,8285,0,0.2007736301985558,0.0
1.4196015041962053,10,0.3634773000630468,1178,16,0.3634773000630468,1788,0,0.05159929219106767,0.0
5.78038273339829,8,0.3142273838508757,1791,47,0.3142503995869288,10355,0,0.2270443179965648,0.0
5.94917966465993,4,0.443081567606906,1678,22,0.5519750190986332,10177,0,0.6589929629481622,0.0
4.003565661544677,6,0.4887662851626109,1022,15,0.4899091787639044,4041,0,0.32613465263296376,0.0
4.514969449519621,5,0.41293945404172205,1131,46,0.4185524956078385,5093,0,0.37288180389993736,0.0
1.4655231590094588,4,0.755580821075761,1218,49,0.7623744910621673,1831,0,0.2768302979474775,0.0
3.8466393583538148,5,0.4988706842269288,1924,45,0.5085819008821469,7359,0,0.3837951217352404,0.0
1.88650309141587,7,0.5349978311558381,1628,24,0.5349978311558381,3085,0,0.1441821517680392,0.0
1.2594433361360904,6,0.6157441325354326,1160,32,0.6159469095657543,1425,0,0.1292491407477747,0.0
3.3686875710766646,3,0.29444021472415904,1421,11,0.30740455651981885,4756,0,0.330625697255473,0.0
3.0847644407443573,4,0.35662051781157755,1617,22,0.35961460776622955,5006,0,0.27502257304624855,0.0
2.014048386814049,8,0.24246872057964977,903,35,0.24246872057964977,1802,0,0.06104296694203876,0.0
2.6430571288038593,8,0.2183891254312177,1434,11,0.2183891254312177,3710,0,0.07215186685302752,0.0
2.164488176774136,5,0.46128543075042827,1064,11,0.4615668258241965,2279,0,0.19968937219549332,0.0
4.630258174031869,3,0.4123269619441564,1798,34,0.5592999705561503,8208,0,0.6363934286385525,0.0
3.9921532108643363,8,0.1381570627165842,1484,32,0.1381570627165842,5974,0,0.06894302019094964,0.0
3.876481651251802,5,0.6545987643015985,1136,32,0.6982611581337229,4457,0,0.5075080197494499,0.0
5.097409552028213,7,0.14961296181490094,2000,34,0.14961296181490094,10284,0,0.1089483629517869,0.0
5.4369544651655985,4,0.6222560794447449,932,47,1.3343138132563725,5051,0,0.8457944924033863,0.0
4.792597853019795,10,0.6266128274949088,951,25,0.6270291548389401,4612,0,0.3003103291726763,0.0
4.208714064301441,10,0.10173848473099309,981,11,0.10173848473099309,4084,0,0.042818819156804806,0.0
4.828627739082322,10,0.3373244402384485,1865,39,0.3373244402384485,8995,0,0.16288141492057892,0.0
5.979487348154552,3,0.1847685791734633,1223,47,0.19476636890184043,7213,0,0.36827379383473885,0.0
3.186657432590113,8,0.10035421836782613,1602,34,0.10035421836782613,5179,0,0.039974314481700544,0.0
2.7823600968779325,10,0.7625784370846519,1374,36,0.7625784370846519,3738,0,0.21217678140838742,0.0
4.882290677630387,3,0.45190943842547016,1442,16,0.7755173880470121,6974,15,0.7354510794526187,0.0021462297896694808
4.33908526339352,10,0.11777611987300975,1571,28,0.11777611987300975,6852,0,0.05110406261206453,0.0
4.459952651690955,3,0.7868855765438623,1714,17,3.8761359630835335,6528,1193,1.1698241378947214,0.15451366403315633
5.944079588647549,9,0.671487865550854,1864,46,0.6754951900053403,11212,0,0.44348636840503786,0.0
2.820232607131373,5,0.6379119058702938,1800,18,0.6454413980872258,5122,0,0.35981199148254434,0.0
3.0332715047826055,6,0.3928751266579431,1309,19,0.39302703636311387,4047,0,0.19861615443823263,0.0
3.6358829198596645,3,0.26744463848509714,1474,29,0.27839015620504737,5289,0,0.3241324643586691,0.0
3.4734172752565833,7,0.2707532592444092,1989,49,0.2707532592444092,6881,0,0.13434843542736502,0.0
1.1833109764847218,5,0.30508537318064344,1710,38,0.30508537318064344,2025,0,0.07220217416991859,0.0
5.196862894950784,6,0.1427639015216105,1284,31,0.14278547921458148,6748,0,0.1236540704260109,0.0
3.4174686160990344,10,0.2598130178084602,1987,49,0.2598130178084602,6784,0,0.08879028344143923,0.0
3.16215319987859,3,0.1084033816269762,1159,43,0.10864017161711056,3610,0,0.11426270002980092,0.0
2.6568430149876368,7,0.49001126849335586,1985,38,0.4900372451791646,5160,0,0.18598328799454342,0.0
3.8486826450117864,3,0.20649070792254232,907,28,0.21128403221912484,3514,0,0.26490573464589545,0.0
2.0794454015114896,6,0.6412425643840093,1852,50,0.6414282733916361,3982,0,0.22223815029362723,0.0
5.319557251763577,7,0.131685292237479,1988,45,0.131685292237479,10446,0,0.10007249303892675,0.0
4.805298427539318,10,0.1919491089120995,1557,23,0.1919491089120995,7608,0,0.09223727512228849,0.0
3.3671808511359007,7,0.5691633935533387,1267,23,0.5693266291538227,4306,0,0.2737822971343326,0.0
1.077620725078276,10,0.716700899431837,920,18,0.716700899431837,935,0,0.07723317429099888,0.0
4.03195886567153,7,0.618795126591788,1262,45,0.6200331455878991,5034,0,0.35642235667087097,0.0
5.450018822496967,8,0.3497625613472498,824,20,0.34976812074422564,4528,0,0.23827656784340767,0.0
2.64288834530629,6,0.5798749917929604,1284,25,0.5812674345430647,3288,0,0.2554241429240326,0.0
5.854180164484875,9,0.4414898183027123,1000,40,0.44149918109671055,5789,0,0.28717343745886326,0.0
5.548321751787462,8,0.17868321919214605,807,50,0.17868321919214605,4540,0,0.12392399896539885,0.0
5.666524073042011,8,0.5804568009900255,1245,14,0.5827868794430808,7011,0,0.4111465545213669,0.0
3.1700817626120306,9,0.4745380912818967,808,25,0.4745380912818967,2591,0,0.16714717209305155,0.0
2.7670948764086107,6,0.26899694622803616,1349,21,0.26899694622803616,3731,0,0.12405667861286024,0.0
5.941979740730166,6,0.11248055045838434,1779,26,0.1124810730944319,10660,0,0.11139285867498283,0.0
1.2381933541871462,8,0.19574208923365566,1165,44,0.19574208923365566,1490,0,0.03029581925297747,0.0
3.037902222777879,6,0.1120223214221206,1514,42,0.1120223214221206,4719,0,0.05671880987483303,0.0
2.4103867931781315,4,0.6151705378863309,843,12,0.625101071378464,2092,0,0.3706997350183749,0.0
4.322853775853672,5,0.36953853555412275,1016,23,0.3733900060333852,4484,0,0.3194922107487152,0.0
3.0431013895914036,3,0.5316248394787784,880,11,0.5975256659023336,2687,0,0.5392627625863925,0.0
1.0450615692401595,10,0.207260771102298,1479,26,0.207260771102298,1553,0,0.021660026669009305,0.0
2.91758243037098,6,0.5290131812762503,822,50,0.5293036657429143,2389,0,0.2572399271877077,0.0
3.9615979695168404,6,0.6061967021943252,1070,26,0.6144528476558221,4254,0,0.4002512707568073,0.0
5.852465901137421,4,0.6190642870093029,1495,20,1.467330886198412,8712,85,0.9057631575834738,0.009662384903944526
5.343432875718415,10,0.7374762519060843,1375,45,0.7382288587069491,7293,0,0.39406548494965665,0.0
3.0184888791353024,8,0.11752129388635095,1749,14,0.11752129388635095,5225,0,0.044342089832192746,0.0
4.848756716672387,4,0.37141058732317234,835,27,0.396619446249338,3981,0,0.450219894981617,0.0
5.389446089505722,10,0.3686099670984945,1938,15,0.3686099670984945,10461,0,0.1986603545731814,0.0
2.470118084777154,9,0.5277675910295049,1991,24,0.5277675910295049,4854,0,0.14484980790680588,0.0
5.696277254819069,3,0.7807701577226392,1163,13,3.6851731089929167,4434,2228,1.4824944302256557,0.3344341038727109
4.852554344286201,9,0.6353556627618453,987,44,0.6370129330971728,4705,0,0.3425664312779812,0.0
2.2214714627855505,3,0.1901220293642928,855,39,0.1917399614716501,1979,0,0.14078355422655095,0.0
2.1314747340858897,7,0.4347190950022626,1964,50,0.4347190950022626,4213,0,0.1323703953460009,0.0
2.3349964234527705,5,0.57783112292511,1968,23,0.579525265597944,4672,0,0.269846721077966,0.0
2.7515000857787957,5,0.5675456978861546,1074,42,0.5713711499379892,2888,0,0.31232040728342814,0.0
5.364556689205556,9,0.2158160504956398,1200,19,0.2158160504956398,6386,0,0.1286397152582565,0.0
1.5729964429585106,5,0.3132322397964883,1500,44,0.3132322397964883,2312,0,0.09854263980396066,0.0
5.140883987600922,9,0.24304016721804114,1416,30,0.24304016721804114,7210,0,0.13882681155500867,0.0
3.863621753948578,5,0.49230620438898676,1052,11,0.49960052542330713,4101,0,0.3804169921762288,0.0
3.5691906746012254,6,0.5690916344831409,1170,45,0.5710171107049783,4035,0,0.3385327591317993,0.0
1.0586754346769585,7,0.5600915694114584,854,42,0.5600915694114584,857,0,0.08470788367222508,0.0
1.6930721969181959,10,0.1811171084764272,1239,45,0.1811171084764272,2055,0,0.03066443407476558,0.0
2.469091929825392,7,0.6393435502960867,1977,38,0.6393435502960867,4996,0,0.22551400006028316,0.0
4.061514259386959,3,0.5966431259570373,1145,22,1.3622256040147263,4699,5,0.8077581879465722,0.0010629251700680273
4.906480024724593,3,0.79473086743099,998,28,7.105828501454522,3842,1005,1.2997770420274004,0.20734474932948216
5.752616498358677,10,0.1097639955238554,1198,30,0.1097639955238554,6825,0,0.06314301715762985,0.0
4.551986327390359,7,0.6866363088578645,946,21,0.6947233292567845,4320,0,0.4465084414015404,0.0
4.417187217673863,10,0.35572463595643755,1456,36,0.35573034293815264,6536,0,0.15713023149584643,0.0
5.9741236418962345,10,0.4733511837801988,1853,31,0.4733862482650662,11123,0,0.2827858497940855,0.0
2.026555017023018,7,0.2028875401278103,1351,48,0.2028875401278103,2804,0,0.05873753747678184,0.0
2.604821295563552,10,0.4718884545422054,1914,49,0.4718884545422054,4863,0,0.12291850955221098,0.0
4.3169935808920705,7,0.1963749090227948,1883,16,0.1963749090227948,8049,0,0.12110703167138136,0.0
1.486850709875546,6,0.14235050017038267,1189,20,0.14235050017038267,1779,0,0.035275657038245416,0.0
3.5405865584430276,3,0.19337753404304167,1407,17,0.19618679603902317,5049,0,0.2282232992458841,0.0
4.892210321279712,4,0.6656828158709831,1100,21,1.254699778341596,5488,8,0.8141650856256414,0.001455604075691412
2.6807833013870694,10,0.418127429612277,1095,21,0.418127429612277,3035,0,0.11209090311564895,0.0
3.6998688207912753,8,0.3868247132972368,1778,24,0.38682990142577445,6531,0,0.17890008697999632,0.0
5.050453498356651,9,0.41326542814504785,1289,43,0.41329710990008395,6540,0,0.23190864748055734,0.0
3.951122173305951,10,0.4808613998561646,1907,30,0.4808613998561646,7452,0,0.1899942139258631,0.0
4.726764409144134,6,0.7486753721920321,1057,38,0.7964709782828926,4942,0,0.5898020172133391,0.0
4.722159692223534,3,0.5297954924305888,1450,22,1.22017244463302,6920,16,0.8339263064924816,0.002306805074971165
4.759572957077567,5,0.4460864306548358,1847,11,0.45703704243373533,8876,0,0.42463618237280276,0.0
4.693553687749578,3,0.6132097084390828,871,29,3.1290595449949876,4114,104,0.9593775628027003,0.024656235182550973
5.627689303281338,10,0.6843164559129072,1291,13,0.6856317428520987,7178,0,0.38511203990004633,0.0
4.935281666291562,8,0.5987954345461414,1622,40,0.5997086032458123,8052,0,0.3694030162468326,0.0
4.771445184551691,10,0.2953465292039258,1371,11,0.2953465292039258,6570,0,0.1409229774544127,0.0
3.314705961313706,6,0.26796270601154815,1567,35,0.2679980210063836,5171,0,0.14803626317103843,0.0
5.771098351812434,10,0.1182330746460346,1248,18,0.1182330746460346,7259,0,0.06823347022194468,0.0
3.4950596711909405,7,0.5256546497353726,1833,45,0.5258093551359979,6433,0,0.2624563381805857,0.0
3.5440185683008245,7,0.12827642330986355,1196,21,0.12827642330986355,4264,0,0.06494486086933902,0.0
1.7636783998804653,8,0.26213165434266184,946,28,0.26213165434266184,1661,0,0.05778949208613563,0.0
3.6256909824578227,9,0.7736171634616476,1744,49,0.7740354202123229,6347,0,0.31165519704861055,0.0
3.8763496689722534,10,0.4417881634022738,1482,49,0.4417881634022738,5761,0,0.17125254009602636,0.0
2.0116695140594745,9,0.704522784458709,1988,22,0.704522784458709,4023,0,0.15747411193954208,0.0
4.980538028327102,3,0.7766589995680269,1450,19,4.882825139268255,5580,1762,1.28939322746368,0.2399891037864342
3.860058210117555,6,0.5785831452195898,1801,37,0.5821201006119604,6816,0,0.37222743665675245,0.0
3.6765987320916333,8,0.6324680243833816,1348,27,0.6327200535243729,4942,0,0.29066639206705513,0.0
4.313793083822987,9,0.5643643875537637,1955,26,0.5644135437788455,8361,0,0.27050568797615804,0.0
1.2906375523927944,6,0.5431545602704465,1924,40,0.5431680882174922,2368,0,0.11683594537307228,0.0
2.292675743686043,6,0.10022886565098968,1770,23,0.10022886565098968,4119,0,0.03829871484919854,0.0
1.1513066504060667,10,0.1980077541663195,1762,33,0.1980077541663195,2048,0,0.02279676442036532,0.0
5.330257627836086,4,0.75089181261144,1930,27,3.3414831705577726,9920,393,1.0006117029629482,0.03810724328517405
4.306618485442379,4,0.3690073521304914,1264,42,0.3808318242539996,5398,0,0.39729347098732987,0.0
5.828644231997352,7,0.37753420269668936,1208,17,0.3783459714487863,7195,0,0.31435893613282534,0.0
3.4575832942052624,5,0.7577448561620028,1277,38,0.8079904887129079,4477,0,0.5239931911871422,0.0
5.276736357783605,5,0.34259996101031703,1647,23,0.34691831849499094,8756,0,0.3615619340876771,0.0
5.727956949722445,6,0.3690900213836219,889,48,0.37111980315073734,5086,0,0.35235529217625383,0.0
4.4592954846615385,3,0.7925160648509532,1043,23,5.505738560062313,3923,772,1.1780211031705288,0.16443024494142705
4.649398377629742,8,0.699734768995994,1899,31,0.7017658329570596,8850,0,0.4066682124676371,0.0
5.6701555318463885,10,0.638792649683799,1236,26,0.6391682098038375,7096,0,0.3622053676307405,0.0
1.1188646041759163,10,0.6323410787159791,1944,36,0.6323410787159791,2145,0,0.07075040507417259,0.0
4.45791420945662,4,0.6973699636773545,1146,15,1.0743958979608021,5146,7,0.7772038675813814,0.0013584319813700757
4.1942085920411225,5,0.6730337173435864,1573,46,0.7316829766559038,6621,0,0.5645687600031692,0.0
1.7659021865817683,3,0.5565159079605119,1271,20,0.574861869380506,2337,0,0.32758421957833533,0.0
5.327875004346287,8,0.5323711272680905,1518,33,0.5331330357749525,8206,0,0.3545508527509144,0.0
4.5580304772441576,10,0.7991862257563612,956,10,0.7998769690139016,4387,0,0.3642715173991224,0.0
5.466141647181214,10,0.3676914917715032,1063,27,0.36769708680304114,5930,0,0.2009853776486402,0.0
4.655432803379289,9,0.6033094544322719,1158,27,0.6034354997550581,5362,0,0.3120740694169845,0.0
3.435168736339963,7,0.20491615527437784,1045,29,0.20491615527437784,3550,0,0.1005602243099326,0.0
3.7160918486439445,3,0.4998498385740544,1755,30,0.6951455728457981,6474,0,0.619162636890345,0.0
5.758401418896295,5,0.25566835483892814,1292,22,0.2572897946512228,7395,0,0.294448203454273,0.0
5.626304159227867,3,0.33750726011156185,1680,18,0.45429161052027517,9456,0,0.6329728337784273,0.0
4.991512520674053,10,0.7110399227502858,1527,10,0.7115393139509293,7597,0,0.35491646771071633,0.0
1.5970731522430461,7,0.6560981566023035,1217,39,0.6561119677128548,2007,0,0.14969096444938465,0.0
4.079293378249101,7,0.6354906232940969,1663,10,0.6383408525726387,6708,0,0.37033609879185764,0.0
2.7440486758026355,9,0.7646941035955183,1896,33,0.7646941035955183,5108,0,0.23315087137392945,0.0
3.271667734849963,3,0.44468031255975327,1881,29,0.4996663003531387,6070,0,0.48494874364158047,0.0
4.3677299934385445,4,0.652093417373832,1357,40,0.9103112786680625,5974,0,0.7120419943968813,0.0
2.4800341518527915,7,0.7598232228815979,1906,29,0.7603574570297188,4798,0,0.26919822030245977,0.0
4.12094664984514,6,0.14815350513178277,1060,41,0.14816007735803766,4366,0,0.10175544843927249,0.0
3.406846700274948,4,0.647682813362299,1420,16,0.7332845878534664,4889,0,0.5516390138820358,0.0
4.5218492415336,4,0.7193248530886598,1503,36,1.2018123704398134,6769,0,0.813169635338806,0.0
2.305066742097071,6,0.7600347876146053,1617,23,0.7619245826845168,3764,0,0.2919884852945396,0.0
2.277711507755637,9,0.5714692504295835,935,45,0.5714692504295835,2064,0,0.14462689867021672,0.0
3.9475263451089244,4,0.34964766230021993,1038,23,0.3617638495625329,4160,0,0.34506083960896666,0.0
2.549463129536135,4,0.7143709608190872,1739,49,0.7658735672702677,4430,0,0.45531560635489143,0.0
2.197408022277089,8,0.7282594457195514,1032,42,0.7283359662070616,2314,0,0.20003539354040104,0.0
3.3069206549293164,3,0.20427132458486894,947,17,0.20727293361884241,3117,0,0.2251696874931579,0.0
4.5655925982092995,9,0.4936889347590496,1101,13,0.4936895303388327,5099,0,0.25044250515041677,0.0
4.120534506146926,3,0.39847910615647675,989,14,0.48029657508060475,4143,0,0.5473156356321155,0.0
2.402989625427313,9,0.1436458377655786,1976,14,0.1436458377655786,4642,0,0.038353273098500035,0.0
2.765961904706285,10,0.274749985381033,1439,20,0.274749985381033,4022,0,0.0759947992882546,0.0
5.699352013842499,7,0.11160419762566665,1832,27,0.11160419762566665,10453,0,0.09086737264158849,0.0
5.90504486585709,9,0.7764821952875353,1820,13,0.7846747677754324,10728,0,0.5094624667457892,0.0
5.173699153588545,3,0.4667830808541805,1233,33,0.8984669344451734,6295,0,0.8049984101082424,0.0
4.529430056212181,9,0.15851126210590333,1514,21,0.15851126210590333,6758,0,0.07977396387006727,0.0
1.151386856433788,5,0.3137609877388354,1177,50,0.3137609877388354,1322,0,0.07225205546883559,0.0
4.209809737950768,9,0.7425868475931305,1651,37,0.743327572543196,6862,0,0.3473499269190804,0.0
2.87777100769573,8,0.2483373647957713,1230,23,0.2483373647957713,3507,0,0.0893322585671036,0.0
3.447727482671777,9,0.6969231281881526,834,48,0.6970109016356878,2887,0,0.26697789137376443,0.0
1.919918407126306,8,0.2963178804780865,909,10,0.2963178804780865,1701,0,0.07111326913631637,0.0
3.8915659170836303,9,0.7508462256499494,1959,26,0.7510815678107846,7602,0,0.32466306452335864,0.0
2.385674906028633,5,0.6956876298627319,882,37,0.698753425601892,2098,0,0.3319369041996111,0.0
2.4150775833570433,7,0.6281373095145569,1286,44,0.628276610583111,3150,0,0.2167143336398302,0.0
2.851700338968078,10,0.6002984935785772,1217,30,0.6002984935785772,3429,0,0.17118714176200553,0.0
2.9551874708176524,3,0.7318181884207301,1405,36,1.2248749985079814,4216,0,0.7208866471124712,0.0
3.901861762219435,10,0.6327351236789128,917,31,0.6327676828565806,3482,0,0.24688449846959348,0.0
3.237215519978081,4,0.5977665054975585,1983,30,0.6474544985183468,6397,0,0.4837747522299398,0.0
5.8073416442571,4,0.5386615769754963,1850,35,0.8570449256877357,10665,0,0.7820479520327503,0.0
4.990477801087904,8,0.22447700447826308,836,31,0.22447700447826308,4063,0,0.14003093846293524,0.0
1.1876182036430114,6,0.2636226736837783,1393,33,0.2636226736837783,1591,0,0.052180514359982756,0.0
4.42775412814655,5,0.1924796250828748,1110,42,0.1925536048452801,4899,0,0.1704504909089598,0.0
4.006611647127347,4,0.6298641135085178,1718,31,0.7926156878952793,7002,0,0.6309052233226922,0.0
2.58842538426701,7,0.2612675573515999,1389,20,0.2612675573515999,3641,0,0.09661022536204544,0.0
2.356986147816767,10,0.7132621558087289,1247,19,0.7132621558087289,2991,0,0.16811490210030983,0.0
4.785913403244448,10,0.5743338279248916,1784,40,0.5743338279248916,8562,0,0.27487119650024294,0.0
2.3154163421712743,4,0.7815500201358586,999,47,0.8104815801722687,2246,0,0.45240342221171387,0.0
3.4067019109564693,9,0.7838261931486992,830,15,0.7840864565024236,2808,0,0.2966957988952676,0.0
2.6822791402070503,10,0.2828477457162667,1540,48,0.2828477457162667,4146,0,0.07586766081893302,0.0
1.3747655073723326,6,0.3796246456652219,850,19,0.3796246456652219,1165,0,0.08698247810149846,0.0
3.1458205956897753,10,0.5241660530272785,1777,49,0.5241660530272785,5681,0,0.16489323651746315,0.0
5.975303763018011,10,0.32201479253041587,927,35,0.3220235504562607,5583,0,0.1924136201554458,0.0
2.0805758281483433,8,0.10937050120309348,926,31,0.10937050120309348,1917,0,0.0284442026394532,0.0
5.802631791570136,4,0.7809524570063853,1309,49,8.547589172814337,6791,666,1.1328948886825154,0.08931205578650932
1.53382540913606,4,0.5228050287015538,1036,17,0.5233490407383562,1600,0,0.20047290926163755,0.0
5.988847939040225,10,0.2379610543849155,988,26,0.2379610543849155,5911,0,0.142511257012494,0.0
2.6399125444322737,6,0.163489738447177,1911,47,0.163489738447177,5017,0,0.071933101902109,0.0
1.170102478503763,6,0.36083957567190195,1422,28,0.36083957567190195,1643,0,0.07036988030598977,0.0
1.3619017320194484,3,0.5955547889846732,889,41,0.604430200128637,1177,0,0.2703623662102345,0.0
2.2630315110240833,10,0.4050012739516803,1474,14,0.4050012739516803,3351,0,0.09165306449575497,0.0
4.526210273855446,8,0.5012135843252419,1660,11,0.5021197024838133,7532,0,0.2835747593461028,0.0
5.175825139775434,9,0.44640196679442623,1813,27,0.44647627439191556,9354,0,0.2567220580199766,0.0
3.361203500488738,4,0.6858167540711387,1406,26,0.833604061401823,4835,0,0.5762924186194339,0.0
3.198644444428821,5,0.5312537646963195,1936,34,0.5362433413664967,6271,0,0.3398583806055557,0.0
4.2583366914230405,4,0.5670014211244664,1409,44,0.6635496370125672,6085,0,0.6036207389158306,0.0
4.181685029166442,8,0.7064479742965746,1266,41,0.7081987316028077,5294,0,0.36926786475011814,0.0
5.558013729855924,7,0.32661129652181864,876,15,0.3267367293353385,4793,0,0.25933001005633033,0.0
1.1082932217280614,7,0.12584277459013382,1954,48,0.12584277459013382,2125,0,0.019924384868813948,0.0
3.225243487006173,7,0.4625783806366367,1453,41,0.4626251596931624,4631,0,0.21313255848259643,0.0
1.8433353062377702,5,0.5305544638582523,1013,35,0.5322402173345485,1873,0,0.1955979550223935,0.0
3.5228049886296238,6,0.2137884931223626,997,26,0.2137884931223626,3541,0,0.12552252834717817,0.0
4.459893168387937,6,0.3465869347503613,1510,17,0.3467432295062156,6587,0,0.2576234504242753,0.0
5.716342709716283,10,0.4044638145822005,1521,17,0.4044638145822005,8596,0,0.23120537778310002,0.0
5.625631620455881,8,0.538987293862961,1989,30,0.5404843858362464,10989,0,0.37901799542242737,0.0
3.7186739518534098,7,0.5455370611743495,1148,40,0.5458212709767312,4177,0,0.2898106370228163,0.0
2.7909154144977384,5,0.2161745695138198,1245,24,0.21621951139414766,3546,0,0.1206649876557065,0.0
2.1836841596014964,3,0.14732557760015397,803,50,0.14764739370384378,1737,0,0.10723751003653242,0.0
4.3962727117297975,3,0.6068015781031705,1491,12,1.3817856638776007,6365,169,0.8892217397498485,0.025864707682889503
4.602360938733092,6,0.19884138892996947,949,12,0.1988465616167718,4437,0,0.15252330690245436,0.0
1.3907952265048509,9,0.18393851078029255,1455,19,0.18393851078029255,2024,0,0.02842453364040466,0.0
2.4079503662112023,5,0.18935317160996634,1759,30,0.18935317160996634,4313,0,0.09119060778429422,0.0
4.146317584536447,5,0.4967715329159966,1137,24,0.5046470580897078,4612,0,0.41195450848534454,0.0
3.2154312688631834,9,0.44248203350072046,1638,42,0.44248203350072046,5216,0,0.15808561849204258,0.0
1.9060659944219651,5,0.12681535086548876,1024,44,0.12681535086548876,2023,0,0.048343685571079646,0.0
4.235537864832319,8,0.5670817794303932,1842,14,0.5671266654721192,7631,0,0.30023704365424,0.0
5.712768039155391,3,0.10156696812122161,1794,28,0.10231918528462955,10219,0,0.19340950977227644,0.0
1.597376178698763,8,0.6786148882514261,1748,42,0.6786148882514261,2807,0,0.1355004071253939,0.0
2.8239162130301425,10,0.7531270440063801,1322,42,0.7531484020304342,3835,0,0.21267676700410823,0.0
4.676828231503203,7,0.7108394269561005,1963,44,0.723230377898497,9201,0,0.47492484286483566,0.0
4.339582803339797,4,0.3520155851378286,1042,33,0.3612645804468341,4506,0,0.3819001949429293,0.0
5.653257694685295,6,0.43313554938633336,1034,23,0.43722641947976004,5736,0,0.4081044795683386,0.0
4.052695516548001,10,0.18464930477075278,1321,20,0.18464930477075278,5411,0,0.07483274095781352,0.0
1.632134311760408,4,0.37680637916924475,867,21,0.37709912394966055,1418,0,0.15374965508308164,0.0
2.733977308694199,9,0.17367782208794585,1884,19,0.17367782208794585,5063,0,0.05275902495687468,0.0
2.5967090753525004,7,0.4382046968495652,1382,30,0.4382046968495652,3644,0,0.16255573045305102,0.0
3.6504228551813833,9,0.7501781973079044,1042,50,0.7504403915514694,3883,0,0.3042741818790604,0.0
3.435204052977463,9,0.6692528208953122,817,37,0.6692528208953122,2795,0,0.2554466669784641,0.0
5.789268598010105,5,0.4983664403335589,1040,25,0.5362780731121408,5957,0,0.5770354366650299,0.0
4.622153796463272,3,0.4193640610498076,1230,15,0.6055230030165634,5764,0,0.6461217289605412,0.0
3.379807900098221,5,0.7993341907575215,1166,49,0.8671300852850575,3991,0,0.5403192025481779,0.0
1.9166499538407709,4,0.7855355201080906,1759,49,0.8130330530517681,3346,0,0.3763991545888644,0.0
3.4053758046853564,9,0.3736757076288909,911,35,0.3736757076288909,3131,0,0.14138957928423382,0.0
3.1291854888138446,7,0.6324199222720216,917,48,0.632724547898849,2816,0,0.2827084633729128,0.0
5.76331105670839,8,0.5320343770218824,1156,39,0.5346556059352088,6740,0,0.38328495095489684,0.0
5.907674870495914,5,0.21375384368091951,1672,27,0.2144034579978878,10079,0,0.252557642157136,0.0
5.242109069568798,3,0.5798678766363768,1518,38,3.6572694462979523,7760,150,1.0132435517557175,0.018963337547408345
4.89381507537066,5,0.38612353107934094,869,27,0.3911177460436698,4245,0,0.37792343147028606,0.0
2.2175164781151,5,0.4597018723731715,1147,34,0.4601968050240912,2560,0,0.2038792954015745,0.0
1.9360037866681288,6,0.2985707050443958,1859,38,0.2985707050443958,3603,0,0.09633900259235388,0.0
3.2315788021304583,5,0.5195242966529885,1495,39,0.5250878586181749,4865,0,0.33577674085110665,0.0
2.370649423209365,6,0.2621599107945554,806,10,0.2621599107945554,1878,0,0.10358154021895523,0.0
3.722611107013608,4,0.43453127969955885,1524,19,0.4478617763897492,5747,0,0.4043977420386036,0.0
3.1361645863907226,5,0.44329187131024206,1444,50,0.44440999528515435,4515,0,0.27804725364761096,0.0
2.7613821515926547,8,0.5184258064722468,1529,41,0.5184318427728436,4291,0,0.17894647111468626,0.0
3.549621374401283,5,0.37046476701346776,1100,40,0.37150484467295264,3894,0,0.26300193109071934,0.0
5.640405961496674,3,0.40496043998413445,1174,31,0.7058611696820621,6520,0,0.7613804266189427,0.0
2.7626563769154284,7,0.40606894272060423,959,48,0.40606894272060423,2615,0,0.1602612791534833,0.0
4.353308674180028,7,0.11816591519168732,1602,26,0.11816591519168732,6974,0,0.07348752908519915,0.0
1.786364488496265,4,0.2896451869034792,1740,49,0.2899462149567946,3132,0,0.12935296903705967,0.0
1.1825802329397237,3,0.750441155998837,1967,25,0.775063950991221,2281,0,0.29581895902288674,0.0
2.355916076271927,6,0.27390517335754155,1282,17,0.27390517335754155,3056,0,0.10754960021451354,0.0
1.549827090057537,8,0.16233190238379527,1504,11,0.16233190238379527,2356,0,0.0314482974868727,0.0
3.406329349396954,4,0.5804447649567382,1212,27,0.6267255813469107,4159,0,0.4942965096439885,0.0
1.6622205957109717,3,0.11121719208632881,869,48,0.11128011012710645,1384,0,0.061622502427679686,0.0
5.86068151592683,10,0.10603068209424427,1937,22,0.10603068209424427,11359,0,0.062141205867085124,0.0
4.72956568362526,8,0.20271579318504324,1131,32,0.20271579318504324,5335,0,0.11984470737210699,0.0
4.319230489360272,10,0.6219756499153671,1235,42,0.6219963869219728,5444,0,0.26864561907541246,0.0
5.254451365586958,8,0.5561148143584643,1200,16,0.5572978070637806,6387,0,0.3652597807161213,0.0
1.0784247437590198,10,0.7466515337559337,853,21,0.7466515337559337,944,0,0.08052074889680219,0.0
4.37345883674071,3,0.7703028697693823,1721,34,7.429890029390496,6693,834,1.1229626309198777,0.11080111598246313
3.4326851479483356,8,0.3923560825799747,1846,16,0.3923589286280606,6236,0,0.1683543621724337,0.0
5.551463818210128,7,0.7045724593226219,1571,48,0.7285860887482201,8899,0,0.5587726450338375,0.0
1.3400844389073898,8,0.7558646066934483,817,50,0.7558646066934483,1080,0,0.12661529966884308,0.0
4.197191098628169,5,0.6307634484546499,1366,25,0.6734801483817725,5762,0,0.5294869462387729,0.0
1.461303138215865,5,0.42306460532809587,1532,37,0.42306460532809587,2364,0,0.12364512708680057,0.0
5.09924329377214,10,0.4483923238372213,1025,40,0.4483923238372213,5248,0,0.22864615503058566,0.0
1.4515278776918747,5,0.763335884563561,1210,25,0.7645733269091779,1803,0,0.22160066329731914,0.0
4.655736651672417,4,0.25155167782383125,1158,40,0.2549712018751905,5343,0,0.29278959155852563,0.0
5.615907788688218,9,0.7971478280716078,1158,37,0.808192210164782,6596,0,0.49741207737813764,0.0
2.4892298123182557,4,0.3855080542299749,1225,42,0.3885028552177148,2934,0,0.2399045353695141,0.0
3.0970421807821014,5,0.6834841250696215,858,18,0.7000448060090483,2732,0,0.42335583304711344,0.0
1.3869614848589287,5,0.2406326806435552,946,18,0.2406326806435552,1380,0,0.06674965201019394,0.0
3.719315887909884,4,0.5751937396207416,1934,13,0.6385073718167024,7167,0,0.5348318035994313,0.0
2.066352021417047,7,0.17168118376996938,800,37,0.17168118376996938,1595,0,0.05067910873176396,0.0
3.9334566815836465,7,0.46329857696626064,1399,43,0.463531850997956,5408,0,0.26033784044801905,0.0
2.451430336745788,8,0.2600761263218764,1928,15,0.2600761263218764,4822,0,0.07969481324109719,0.0
2.1894434389119617,10,0.2001714674963352,1546,38,0.2001714674963352,3468,0,0.043826410616723,0.0
3.946279666875799,10,0.316513541444748,1992,14,0.316513541444748,8105,0,0.12490509528942598,0.0
5.9491716193589586,3,0.10786742603243284,1176,17,0.10901608849035464,6959,0,0.21390727653515038,0.0
2.394576592583541,5,0.32087333785309957,1361,13,0.3210470799436158,3270,0,0.1536711568014365,0.0
4.551131401709924,3,0.2702875140390215,1858,35,0.2912233453634976,8221,0,0.41003799754436754,0.0
2.685366876609397,10,0.13806264623420889,960,49,0.13806264623420889,2508,0,0.037074885709438565,0.0
1.4636940046161349,7,0.6507018990193854,1450,21,0.6507018990193854,2069,0,0.13606120976957256,0.0
5.817679284747446,8,0.3516323901747719,1367,12,0.3517058074756822,8018,0,0.25571055902075024,0.0
2.980186241314486,7,0.43288501338262764,1146,28,0.43315085248120727,3375,0,0.1842968515648777,0.0
2.933894414280143,5,0.6185496963508296,1859,13,0.6264650720942411,5407,0,0.3629518998156755,0.0
3.7562441591138898,4,0.19317639369091397,986,43,0.19358980409860674,3736,0,0.1814044251200452,0.0
3.99949228635666,6,0.33220672228560755,1875,29,0.33235626784595934,7512,0,0.22144303720951944,0.0
1.3002378112567117,3,0.4741374543181366,1666,13,0.47768081087900555,2129,0,0.20549714861248103,0.0
5.9801562997173745,5,0.29804937757222144,1114,11,0.30162654160168956,6678,0,0.3564763725830725,0.0
1.9009094069241734,10,0.5711585120232018,1101,14,0.5711585120232018,2070,0,0.10857205883497179,0.0
4.410992727833344,7,0.6205018966401962,1013,41,0.6268098865777658,4544,0,0.3910041933838147,0.0
3.841339101555669,7,0.5875930550084928,1892,43,0.5887504806894498,7117,0,0.3224491682866678,0.0
1.318599098481232,7,0.7771541050148751,959,32,0.7771541050148751,1304,0,0.14639352889337184,0.0
4.400024731344576,5,0.6712557196389385,1649,26,0.7397658398835092,7254,0,0.5907083534935661,0.0
5.776355587072448,3,0.707550933654156,818,32,7.4796275752088315,3492,1176,1.3623552629171705,0.2519280205655527
5.413748616334478,6,0.5504264018584472,1231,34,0.5671743553430227,6662,0,0.49664502857585563,0.0
5.272277068548788,5,0.28017917089598177,1864,41,0.28144908708972155,9586,0,0.29543644355997933,0.0
4.552424328145515,6,0.6213601961342273,1518,10,0.6345919315197662,7073,0,0.47144921223712083,0.0
4.800148416187277,5,0.5152642712810956,1206,21,0.5354272406885563,5815,0,0.4946689951415685,0.0
4.558647080670563,9,0.6585300435795717,1544,39,0.6588861546726429,6997,0,0.33355622896643033,0.0
4.908999709202834,10,0.41114970242183135,832,45,0.4111619341292522,4137,0,0.20183337696276019,0.0
2.93592958449808,8,0.3858846171608723,901,14,0.3858846171608723,2641,0,0.14161625796566507,0.0
5.56466212684747,5,0.49674127448097083,1637,42,0.527662658031785,9027,0,0.5528394713892404,0.0
4.043911971904966,6,0.5415231096944528,1981,44,0.5455669669630359,8007,0,0.364978631059434,0.0
4.7940053451977285,10,0.37759683383173204,1559,29,0.37759683383173204,7362,0,0.1810201239719062,0.0
2.0431422217779733,3,0.501952212943878,1082,32,0.5287573186238319,2113,0,0.3418532531935084,0.0
5.134953463318107,6,0.5003279685215228,882,49,0.5094804493565357,4535,0,0.4281934724590844,0.0
4.161034374219918,5,0.44337911393730445,982,10,0.45088169138130646,4090,0,0.3689831467808587,0.0
2.0714492200163352,9,0.13724851020763557,1875,27,0.13724851020763557,3825,0,0.0315892577131123,0.0
4.505592251046243,9,0.7740879700480108,1849,15,0.77541597586725,8400,0,0.38752497327515933,0.0
2.7895620083827897,3,0.11048843459490916,1649,16,0.11062924338112276,4591,0,0.10273811317054843,0.0
3.911265106368613,9,0.4045134835529136,1113,33,0.4045134835529136,4320,0,0.17579549703068054,0.0
5.2244557269617875,7,0.5890151957614208,874,26,0.5921431016275865,4538,0,0.43961197325189616,0.0
4.694708263916452,7,0.5178606283013227,1554,28,0.5194953399611596,7342,0,0.3473149387490265,0.0
3.797184207636171,7,0.4972366467611603,1809,35,0.49735580538690266,6865,0,0.26972844893420617,0.0
5.610972443524694,8,0.6982016697786536,1015,40,0.706504618803306,5535,0,0.48969879114386916,0.0
2.7536930259298034,4,0.4889449876159693,1626,40,0.5004285224194873,4355,0,0.33660110061535714,0.0
1.53394251411792,10,0.30578951759032125,989,40,0.30578951759032125,1543,0,0.04690635414034033,0.0
5.862378293876462,9,0.4155040816814757,1594,10,0.41558366857661944,9300,0,0.2706491232740617,0.0
2.2610884538355327,4,0.31911072831335363,806,42,0.3196067564259539,1792,0,0.18038439582109286,0.0
1.7558953847450278,5,0.18672660041373626,1012,34,0.18672660041373626,1753,0,0.0655744751751217,0.0
5.920516598838196,9,0.45985328354483956,1706,45,0.4599689417464998,10217,0,0.3025076664730522,0.0
4.9543220249520274,4,0.45521579156154823,965,29,0.5185180039464744,4791,0,0.5638214055598374,0.0
4.206728335925561,8,0.4493806255234206,1548,46,0.44939461538793835,6515,0,0.23630277637566588,0.0
1.1390622458932589,6,0.5124566659974079,1783,18,0.5124566659974079,1971,0,0.09728667348232985,0.0
4.3982880077791435,6,0.1176220625765459,1464,19,0.1176220625765459,6517,0,0.08622261788011164,0.0
2.129761186949046,8,0.5208495936900814,1036,49,0.5208495936900814,2173,0,0.13866065610991452,0.0
5.338916114935935,5,0.5304043308522554,1001,12,0.5708151248429463,5348,0,0.5663568458837835,0.0
3.6183869568233664,9,0.5091086113923223,1195,36,0.5091086113923223,4266,0,0.20468355100760388,0.0
4.5699735488090045,5,0.20864105269878172,1832,39,0.20884430575453147,8406,0,0.1906968184058196,0.0
5.150740533975186,9,0.2174376793414089,1576,17,0.2174376793414089,8073,0,0.12444056317747708,0.0
3.70316781035636,8,0.24117384737944672,1910,12,0.24117384737944672,7047,0,0.11163840353942057,0.0
2.720224066941136,5,0.6923438747491201,1906,29,0.7064336364696312,5233,0,0.37666609413836716,0.0
1.9159809041492928,4,0.7128614987980614,1099,13,0.7270999467784741,2098,0,0.34145725475008243,0.0
1.250308077110108,4,0.6964833278945115,1314,22,0.6991162796017829,1633,0,0.2177046826097589,0.0
2.5387093450834928,7,0.35061951833625427,1064,50,0.35061951833625427,2733,0,0.12716014968127454,0.0
5.996525083133767,3,0.312431853715619,1870,23,0.4181345748919191,11157,0,0.624501815858563,0.0
1.4878692102831184,4,0.752778384472873,1549,24,0.7589936258512211,2314,0,0.2800089451059638,0.0
5.700647043866929,7,0.49792510070114837,1243,29,0.5005790851537462,7212,0,0.40549932191130633,0.0
2.2311795414037574,5,0.6109434156820326,1251,43,0.614571238317623,2822,0,0.2726248900050165,0.0
1.5254654203782856,5,0.7731933705539639,1195,43,0.7742410412478773,1827,0,0.23589595000916122,0.0
2.9167769223905533,6,0.6239310496250577,906,47,0.6247959609925063,2589,0,0.3033112811182139,0.0
1.4919439873821974,4,0.36130850420871263,1681,37,0.36149368704938384,2457,0,0.13476301261106105,0.0
3.227190727512905,9,0.688516807971703,1784,44,0.6885201194263376,5768,0,0.2468861176025626,0.0
5.522524011482437,8,0.7591634535759678,1653,43,0.7754734997509584,9123,0,0.5240623001266518,0.0
2.5495167332071635,4,0.6705342097829708,949,21,0.7162925141931011,2449,0,0.42738454700738165,0.0
1.7650570990722183,6,0.44124847970292624,1456,23,0.44124847970292624,2514,0,0.12980479359241226,0.0
4.264012408347173,10,0.6733231670584569,1497,35,0.6734110742548295,6313,0,0.2871058339164877,0.0
5.419716258207259,10,0.3242055513212531,1001,36,0.3242055513212531,5455,0,0.17571020974968435,0.0
2.3585837448451077,4,0.6251865261646786,1562,48,0.6413554387040374,3691,0,0.3686386945270479,0.0
1.68640324781641,6,0.7476214413103166,1065,35,0.7478194524311851,1754,0,0.21013187112715057,0.0
3.3160379428198272,8,0.7506294148809285,1495,44,0.7519452666868418,4912,0,0.3111394525927256,0.0
3.2721457490493298,5,0.7826275891526867,955,40,0.8146948507068897,3095,0,0.5121743077869378,0.0
5.759161163759127,5,0.7582196228204039,1634,28,1.527784818057722,9457,30,0.8733418010694727,0.0031622219879835563
5.9754250466669365,9,0.5339990480835792,1327,39,0.534522557006666,7903,0,0.3545412540905468,0.0
3.15516611709715,6,0.23262721386510168,1732,44,0.23262721386510168,5468,0,0.12232958385031355,0.0
1.6157094158834664,7,0.3122050586421288,1526,23,0.3122050586421288,2455,0,0.07206180756207674,0.0
1.7240841895850165,6,0.6802378060021894,1675,31,0.6803516034336223,2827,0,0.1954645410810624,0.0
5.897608680335354,4,0.6386309015275347,877,13,1.3815952961124818,4954,162,0.9415987870947953,0.031665363565285376
5.1046983817564415,6,0.40976882544112425,1651,48,0.41189074956501376,8498,0,0.34862437668725743,0.0
1.0446698540467332,9,0.3463819821927536,1995,25,0.3463819821927536,2101,0,0.040206090531302446,0.0
3.414003968083728,4,0.40850997943251466,1405,16,0.41671853010021415,4916,0,0.34866367269610177,0.0
2.677177634129791,4,0.15755277726220318,1621,12,0.1575650703243122,4283,0,0.10544919287035075,0.0
2.695277829713157,9,0.5272527846229199,1625,11,0.5272527846229199,4264,0,0.1578991934498536,0.0
5.807763580830877,10,0.3256537302082154,1648,44,0.3256537302082154,9482,0,0.18913198742649975,0.0
1.5804879954203823,5,0.46995505786931224,1706,11,0.46997980468230205,2644,0,0.1485516654699078,0.0
2.23946652493309,6,0.6101256490470748,1858,13,0.6105867206858716,4128,0,0.2277259945073331,0.0
1.0959648557539357,8,0.1721503518392489,1724,25,0.1721503518392489,1893,0,0.02358384194018646,0.0
4.319756230068756,3,0.13178113536443928,1195,16,0.1329639979971318,5104,0,0.18975412683202353,0.0
3.9369510038696816,3,0.487013479155069,1844,21,0.6683306279398035,7324,0,0.6391160685525383,0.0
1.8339743860525595,6,0.7975323141552939,1476,49,0.7981397342191798,2704,0,0.24377563936833868,0.0
5.958481435645937,6,0.7422643076219212,853,23,0.895438973570172,4921,0,0.7371280162179671,0.0
2.3345094663461525,7,0.34733386654784537,1972,38,0.34733386654784537,4627,0,0.11583631420550804,0.0
2.9152477189804835,5,0.7452260412595291,1357,49,0.7601538978888307,3898,0,0.43450370338133953,0.0
4.3487606230123,10,0.4399983844876987,899,35,0.4399983844876987,3837,0,0.191344764864913,0.0
2.725664130138826,7,0.5150115283300302,1875,16,0.5150541563349332,5221,0,0.2005354927681627,0.0
5.402516997441013,3,0.5047237563519523,930,19,1.3646295789021095,4971,31,0.9089262242345663,0.006197520991603359
4.413547482135134,7,0.298075913560173,971,50,0.29810362193691264,4305,0,0.1879388853969473,0.0
5.587344935074865,8,0.21772391496105786,1152,19,0.21772391496105786,6438,0,0.15206232668779218,0.0
5.484437463516288,8,0.7512393683731639,1264,15,0.7634765081820877,7061,0,0.5150156669967616,0.0
1.2988046819179524,3,0.737093789727239,1310,46,0.7665846152722838,1682,0,0.3191136217034616,0.0
5.639405481214392,4,0.7360869624191733,1049,19,2.7274767272695235,5512,418,1.0377732126292845,0.07048903878583473
5.289197714621365,7,0.6430509708038782,1679,14,0.658485629185825,8842,0,0.48588910359441756,0.0
1.093780424600849,3,0.7072297904655807,1064,27,0.7203148534196933,1172,0,0.2578513668352707,0.0
4.050525821245664,3,0.3523322180094358,926,30,0.39703718457333226,3735,0,0.4757102489013254,0.0
3.4979557288908727,4,0.737752492001899,1516,37,0.9071993503460986,5335,0,0.6451563889753901,0.0
4.174203447693016,4,0.6023806490146546,894,30,0.7472225903689519,3776,0,0.628614845485132,0.0
4.770300169625756,7,0.5225546632725764,1637,30,0.5239640551108838,7606,0,0.35610608554970014,0.0
1.1732406095566148,7,0.5097623290374542,1813,44,0.5097623290374542,2076,0,0.08543912366412891,0.0
3.598913533055634,8,0.37252525183164453,974,21,0.37252525183164453,3464,0,0.16758577127773294,0.0
4.7259999448500025,6,0.1112246678619376,1599,26,0.1112246678619376,7543,0,0.0876079623635795,0.0
2.26637383848359,7,0.6624834795451539,1220,17,0.6625871659668668,2734,0,0.21449074663838788,0.0
4.935327734000643,7,0.16395318937687825,1262,11,0.16395318937687825,6291,0,0.11559467465850956,0.0
4.99132990701607,10,0.4823863889181047,1199,18,0.4824055922424325,5957,0,0.24077496097444212,0.0
4.268026985488781,3,0.38614343342068214,1934,30,0.4929223494960546,8367,0,0.5493568647029207,0.0
2.08577629995305,10,0.7113244923256041,1313,13,0.7113244923256041,2699,0,0.14836637676688805,0.0
5.001183981577782,8,0.22128953055253794,1536,32,0.22128953055253794,7721,0,0.13833870693627748,0.0
5.6213795022338475,3,0.3867364876707178,1275,13,0.6189707159547184,7171,9,0.7246641881860287,0.0012534818941504179
1.8606474581653611,4,0.7334045039724313,1371,34,0.7456462711581693,2578,0,0.34115180653083294,0.0
5.049553906921185,3,0.3972514469835857,1927,24,0.5748754219504241,9768,0,0.6686475320486864,0.0
1.4593631369540403,8,0.16915693827027584,887,22,0.16915693827027584,1397,0,0.030857675008956337,0.0
3.3102679264814436,6,0.668474197424978,890,23,0.6707443038663431,2989,0,0.36880478256938826,0.0
4.334789680722999,10,0.7449507673393689,1994,47,0.7451656018695164,8617,0,0.3229204898909376,0.0
2.0585704343996416,10,0.16683967763941723,1055,39,0.16683967763941723,2158,0,0.03434512276732713,0.0
5.979279347567657,5,0.3439899848412382,1197,43,0.3508447275465545,7094,0,0.4113624424262654,0.0
5.357028012300442,10,0.28776425349589374,1122,50,0.28776425349589374,6049,0,0.15415611669162282,0.0
1.3070724474469144,3,0.17356779981334303,1867,49,0.17359550595508932,2372,0,0.07562189630000078,0.0
2.728956344368149,5,0.7623795475108354,1673,48,0.7792222720286758,4702,0,0.4161001005992426,0.0
1.153177966606426,6,0.14637980851385335,896,15,0.14637980851385335,977,0,0.028133661655707232,0.0
3.923490770485599,10,0.12315294249087472,1861,27,0.12315294249087472,7309,0,0.04831894332210907,0.0
2.8765747037376483,3,0.5233190890834891,1050,12,0.6201491668088973,3059,0,0.5017888178801979,0.0
3.7808248658825114,10,0.7300403487106228,995,37,0.7300535153973098,3728,0,0.27601547035026625,0.0
3.0490056388528757,6,0.5256758086611596,1513,21,0.5269696580880396,4649,0,0.2671314174694035,0.0
1.9125190796244442,8,0.160916144526788,1960,16,0.160916144526788,3739,0,0.038469399578385834,0.0
3.9061274097406944,4,0.4010052749036299,1009,45,0.4160065265698953,3868,0,0.39159442393791777,0.0
3.4965967965126485,3,0.4561194492938194,1620,43,0.5377078116658512,5700,0,0.5316219350759608,0.0
3.6248095128992532,7,0.29764962254554195,1553,22,0.29764962254554195,5674,0,0.15413188333056466,0.0
3.6074987498359192,10,0.3075363690596131,1087,19,0.3075363690596131,4018,0,0.11094370669116323,0.0
1.6520008578738556,9,0.3470696761662998,1563,33,0.3470696761662998,2545,0,0.0637066003076365,0.0
4.924835089584199,3,0.760632913055586,1849,43,10.354309087015109,7303,1594,1.2486638868362656,0.17916151511745532
3.94507751285993,7,0.6370491139638711,1751,44,0.6378752163994542,6982,0,0.35902973344088723,0.0
5.447573088836125,10,0.5627947908950077,1550,13,0.5631848581881651,8402,0,0.30658657574167986,0.0
2.1397748647761747,4,0.29446573560565537,902,44,0.2947654962673471,1924,0,0.157522594896702,0.0
2.2908980050733043,3,0.7401768469433185,1458,48,0.9103104384546502,3354,0,0.5652232206879656,0.0
4.785989733881556,4,0.5825213105968791,1191,31,0.782925110059403,5657,0,0.6969852530709731,0.0
5.596813300312805,3,0.5531977940563065,1032,43,4.572393369688988,5561,97,1.0320482571593468,0.01714386709084482
1.173828531434731,9,0.3176153737901116,1646,22,0.3176153737901116,1939,0,0.04142510975301554,0.0
3.4332729215971414,8,0.3621301034994461,1143,24,0.3621301034994461,4002,0,0.1554114348049773,0.0
2.8660385225726133,7,0.28336056803478327,1335,41,0.28336056803478327,3714,0,0.11601747196653524,0.0
1.0225761060900371,3,0.6144513838523845,1251,26,0.619612785606556,1277,0,0.20944110116046868,0.0
1.1688356328540863,6,0.4070470841999567,1940,36,0.4070470841999567,2266,0,0.0792951893770445,0.0
1.478744017335303,9,0.4276701581614054,898,10,0.4276701581614054,1344,0,0.0702682986415579,0.0
2.3975948355570997,7,0.48065895358607635,988,17,0.48065895358607635,2405,0,0.16463220354032232,0.0
1.7046807559473878,9,0.5310810385716228,1811,41,0.5310810385716228,3020,0,0.10059151403351087,0.0
5.032297503104135,6,0.4039898473538186,1920,43,0.40588084577910377,9710,0,0.3388328500196736,0.0
4.549906692629406,3,0.6360301034583852,804,29,2.4897052140351437,3554,25,0.9646258748130268,0.006985191394244202
1.4223592971111039,7,0.7854374604653597,1345,42,0.7854738447932584,1999,0,0.15959632488460565,0.0
2.4682370105000246,9,0.5799892507639199,1152,11,0.5799892507639199,2858,0,0.15906121493640965,0.0
5.870146936734521,4,0.3845950040882442,1716,26,0.44533876506611425,10130,0,0.5644072962830018,0.0
1.9707827140744145,6,0.20705097411482432,1818,32,0.20705097411482432,3597,0,0.06800874678629414,0.0
3.7644777475135034,8,0.5937453903415133,976,21,0.5939358073653161,3682,0,0.2793926637036682,0.0
4.811819585522914,8,0.7349228393583928,965,30,0.7406163168977343,4614,0,0.442039514034103,0.0
4.774911849685498,7,0.3829336210512635,1689,16,0.3830919338864613,8149,0,0.2612106121143792,0.0
1.7299713034456978,9,0.47217866143498677,1556,30,0.47217866143498677,2730,0,0.09076172604243654,0.0
3.347444358750679,9,0.7629274334347619,1642,33,0.762949638996992,5461,0,0.28376190368748083,0.0
1.6987602223855671,8,0.3754405018494249,1346,44,0.3754405018494249,2264,0,0.07972292380178475,0.0
1.842684648991507,3,0.4066778753062881,1303,31,0.41368505702712,2399,0,0.24979302597045974,0.0
5.230731767389909,3,0.34916806359036334,1823,32,0.47621776171287256,9600,0,0.6088014941267111,0.0
5.2251108415488625,3,0.1977385141308518,1533,43,0.20639706981518824,7975,0,0.34440188465895893,0.0
5.553019256289606,10,0.3093133825971961,1676,24,0.30931401290984206,9516,0,0.17176231697903044,0.0
2.3624717742453574,9,0.12340121006042484,1271,39,0.12340121006042484,3081,0,0.03239243063060844,0.0
1.635561396386043,10,0.43259514391039244,1686,38,0.43259514391039244,2796,0,0.07075359176439026,0.0
3.5939617080757227,9,0.6700780392699949,1545,32,0.6704099070402721,5479,0,0.26758164606209134,0.0
2.405018279510493,7,0.5544761699260053,1437,41,0.554532411400163,3462,0,0.19050361774642988,0.0
1.9130914767470333,5,0.2577101792631853,1496,13,0.25773316711817623,2919,0,0.09860462948386997,0.0
2.436830731456671,9,0.5023091643927896,1653,11,0.5023091643927896,4022,0,0.13600471205385228,0.0
2.948153701487347,5,0.5101419723517713,1458,31,0.5122330775092817,4244,0,0.30079538881458606,0.0
5.181482947586684,10,0.5960710005370526,1050,23,0.5961391049663363,5455,0,0.30885317248336713,0.0
5.21080468629274,3,0.32637401638149033,1617,39,0.40680704541017265,8434,0,0.5668904180149511,0.0
3.983485548656361,8,0.7713775196124911,1788,36,0.7743422252223766,7048,0,0.3840964002418434,0.0
5.393360941244254,10,0.15617105488138056,932,20,0.15617105488138056,5052,0,0.08422868675501506,0.0
3.7072144764567847,6,0.307764105129063,1250,17,0.30781847271802715,4459,0,0.19015792431137168,0.0
5.577450787141104,10,0.451686979006652,1601,15,0.45173649238558405,9029,0,0.25192618966020386,0.0
3.782795720544169,6,0.7649354573550556,1492,21,0.7825653783157437,5630,0,0.48226576242920016,0.0
1.207124762355978,6,0.6499833313596152,826,39,0.6499833313596152,979,0,0.13076849573380372,0.0
4.197935823424201,7,0.5150284209852475,1511,32,0.516206930338433,6438,0,0.30886517979079586,0.0
1.815231236391788,7,0.7121840205504301,1665,20,0.7121840205504301,3024,0,0.18468266859460453,0.0
5.4257517491907885,6,0.4923111545379518,1128,16,0.5013333365920235,6038,0,0.44519301798007144,0.0
5.861200381920144,9,0.35883967460684174,824,39,0.35883967460684174,4959,0,0.23369235976152453,0.0
3.7457917637331217,7,0.7559806593137629,801,46,0.7609715532310884,3011,0,0.40453516102843257,0.0
3.7182509802036754,6,0.12416294626125161,914,20,0.12416294626125161,3397,0,0.07694483277347917,0.0
5.578631368207579,9,0.385622170506718,1678,48,0.38562458507382097,9333,0,0.23902710407389646,0.0
4.882293055293171,10,0.47146195682164593,1164,48,0.47146195682164593,5595,0,0.23018154376252506,0.0
3.832570348266395,9,0.171946934616231,1785,27,0.171946934616231,6971,0,0.07322208034282972,0.0
5.1678895310927935,4,0.4924753645669342,1692,37,0.5996050058581406,8700,0,0.6362645702166415,0.0
3.843314537966884,8,0.15274312419592215,1988,18,0.15274312419592215,7763,0,0.07337998372458361,0.0
2.9388874102613247,9,0.4089093338179691,1612,31,0.4089093338179691,4741,0,0.1335264992328861,0.0
5.762427558454086,6,0.10801215780310003,1853,27,0.10801215780310003,10769,0,0.10373537246211252,0.0
1.7110062284184875,6,0.523104284890053,923,32,0.5231582109286268,1536,0,0.14917244825987994,0.0
2.563864380531415,10,0.5627012594844877,1204,30,0.5627012594844877,3055,0,0.1442689716072443,0.0
5.982479387510803,7,0.6778030152374906,1563,26,0.7148386317844858,9397,0,0.5792775096358512,0.0
1.0751583263032378,7,0.7606972634549635,1848,33,0.7606972634549635,1977,0,0.11683857094281311,0.0
4.9940922208232745,6,0.10102372702588365,1911,45,0.10102992287594567,9617,0,0.08408696820975659,0.0
2.782161506940575,10,0.13756884889105683,1142,19,0.13756884889105683,3184,0,0.038273875593882296,0.0
1.2371263884893953,4,0.5663383951975861,1875,28,0.5668280522855748,2304,0,0.1751580433784174,0.0
5.583626226309845,7,0.7866576672819237,804,38,0.838562327870149,4432,0,0.6274860545947247,0.0
1.1735973146557575,5,0.5154641944669763,954,12,0.5154641944669763,1039,0,0.12098947888552732,0.0
4.220366339374658,4,0.4438520017029014,1394,21,0.4847140573181374,5921,0,0.46830451191274713,0.0
3.226717283644926,10,0.7592098382284039,1750,10,0.7592098382284039,5722,0,0.24497555069248592,0.0
1.4667591548049992,4,0.769747292654498,1264,36,0.7763959559752205,1790,0,0.28225847209683697,0.0
2.039213541784261,9,0.1691713536770186,1462,36,0.1691713536770186,3073,0,0.038330723922239,0.0
5.6490627748345315,10,0.5422107072502763,1473,19,0.5423393013825106,8294,0,0.306298232244424,0.0
5.599174134761192,9,0.7400626344923573,2000,27,0.7431655734324185,11216,0,0.4604155067947592,0.0
4.697414669346412,10,0.15733684030715842,1118,42,0.15733684030715842,5227,0,0.07390763816874599,0.0
4.480655197301354,6,0.5870004201453041,931,44,0.5985299984482608,4232,0,0.43835774722368925,0.0
3.005250209637483,8,0.6610387295299653,1337,22,0.6610514727397928,4044,0,0.24832334756230298,0.0
5.591263751490623,8,0.6384126449818542,1522,49,0.6439893606871335,8537,0,0.4461916850475367,0.0
3.064859110766086,7,0.5852248675026188,1814,20,0.585527081775773,5508,0,0.2562331095731824,0.0
3.7468364430893306,3,0.5495871137809133,1334,14,0.8419144717517,5122,1,0.6864043421888694,0.00019519812609798947
3.965277926820049,6,0.1621269024522211,1894,23,0.1621269024522211,7347,0,0.10714637127291661,0.0
5.305201270385812,7,0.7435064004075685,809,12,0.7793105414726982,4280,0,0.5634930142831736,0.0
2.3571798086414564,7,0.2814829731613351,1477,15,0.2814829731613351,3487,0,0.09478656868746628,0.0
1.8809386507468568,9,0.6051871686499023,1740,42,0.6051871686499023,3393,0,0.12647999293885084,0.0
4.7116799563615395,3,0.7480679952239139,1749,36,8.225576574668048,6979,1122,1.1748856596973583,0.1385014195778299
4.159903278649542,4,0.4198480529238531,1996,30,0.4401646579748432,8292,0,0.4366318229731407,0.0
4.579625360055024,4,0.6148744308449182,1131,34,0.8453974663729025,5183,0,0.7039736341866967,0.0
4.466950418035723,8,0.2533351995660946,1621,30,0.2533351995660946,7173,0,0.14145447195061622,0.0
1.9071729490058118,8,0.740580825403432,1499,48,0.740580825403432,2754,0,0.1765519645952277,0.0
4.664071371541111,10,0.4386389059646453,1929,45,0.43864151205948015,8873,0,0.20458431637538155,0.0
2.097091225296887,6,0.2712870834204786,1306,36,0.2712870834204786,2687,0,0.09481896036291171,0.0
5.641630427484375,9,0.34106690587022437,1490,33,0.34106830998569476,8225,0,0.21379704821837855,0.0
1.5248306221454153,6,0.43633501826042864,1885,18,0.43633501826042864,2866,0,0.11088949955964676,0.0
3.4609088580092875,9,0.786547370308701,1687,13,0.7866822367777271,5783,0,0.30246319568281055,0.0
2.9318849232014417,7,0.6539386563929345,1466,24,0.6542450952707963,4222,0,0.2738961267681504,0.0
2.1957191229454396,5,0.7156443769364094,1310,36,0.7173485653685058,2840,0,0.31427080873352964,0.0
3.5751359337960293,4,0.5497315992841971,1589,39,0.6100097662629526,5699,0,0.49134129863602316,0.0
4.8989923463685745,9,0.26835140245857414,1039,44,0.26835140245857414,5100,0,0.14607238519798088,0.0
1.2353972437823644,3,0.4156286186637227,1316,43,0.4180173560893783,1643,0,0.17115548331141148,0.0
3.6077458321610267,10,0.1850276821393903,1837,38,0.1850276821393903,6478,0,0.06675328490728007,0.0
1.9456119621418313,5,0.6233056587748284,1604,15,0.62459860008993,3071,0,0.2425421891566001,0.0
3.293383576989969,5,0.7144242524226883,1182,13,0.7487255395550911,3866,0,0.47057461998644357,0.0
4.172425161822201,3,0.39592438185771606,1471,24,0.4766707019253526,6135,0,0.5506549510140119,0.0
2.583016016663143,6,0.18092455882830788,1228,37,0.18092455882830788,3228,0,0.07788850554353872,0.0
3.230399210447591,3,0.21141162511418451,868,46,0.2145202020018061,2775,0,0.22764798228276795,0.0
3.4489853338840906,4,0.2462836700379426,1768,28,0.24741321146415224,6077,0,0.21235719148400317,0.0
1.5403263586261242,4,0.7498894661281564,1952,46,0.7613528610290203,2965,0,0.2887686276833179,0.0
2.8486670593495402,8,0.16118357380954562,1992,16,0.16118357380954562,5648,0,0.05739479215243599,0.0
1.067336588313357,3,0.7692527006068242,1671,28,0.7836719285835825,1731,0,0.27368385100550796,0.0
3.3130940956120365,6,0.7538460047945993,1208,19,0.7608657052893636,4036,0,0.416260457914285,0.0
5.916246098853544,9,0.792069021463083,1243,20,0.804136751800109,7483,0,0.5206750286948565,0.0
3.9231534497697926,4,0.12070996920361064,1846,40,0.12072971057597205,7149,0,0.11839093302568764,0.0
3.8571724986039038,9,0.3667002912379844,1871,46,0.3667002912379844,7158,0,0.15715847539924396,0.0
1.0917548314990213,6,0.5772960385636587,940,19,0.5772960385636587,992,0,0.10504428988451996,0.0
3.6041261444289803,7,0.23792933377812753,857,34,0.23792933377812753,3208,0,0.12250390462804553,0.0
2.2986080793924435,4,0.6729470074407096,1324,13,0.7079392870730746,3072,0,0.38671035707654544,0.0
4.7277597811048375,5,0.3083082072222979,1414,30,0.3100942461845262,6728,0,0.2915214284580232,0.0
2.3129485805339525,9,0.7525237034060605,1682,36,0.7525237034060605,3895,0,0.1933942924012445,0.0
1.8894365228254268,9,0.1491734948462539,1602,38,0.1491734948462539,3042,0,0.0313170943777803,0.0
2.119181571371501,5,0.18628597933051994,1550,44,0.18628597933051994,3365,0,0.07895476288042604,0.0
4.71397427776499,7,0.7601514342198048,1944,43,0.7773756188973273,9083,0,0.5119049011597608,0.0
1.4008214502332237,3,0.4581443122910419,1612,12,0.46290397543059464,2273,0,0.21392612665321342,0.0
4.1474101617438945,9,0.618185316949187,1237,24,0.6185181754490487,5047,0,0.28487422948399205,0.0
3.980732527696372,5,0.6971554337623651,858,38,0.7492644495692015,3390,0,0.5550378624076241,0.0
1.1674831525984588,6,0.2651925621487338,1868,42,0.2651925621487338,2209,0,0.051601308083844416,0.0
2.1728034990023,6,0.7431855164000671,1297,41,0.7445784113619923,2880,0,0.2691326817403162,0.0
3.814687239776888,3,0.7034978555982262,1337,25,2.092977650799863,5060,38,0.8945414309869858,0.00745390349156532
4.891956136325951,5,0.2994477741360603,1837,21,0.30142920550988217,9077,0,0.2929770752388095,0.0
5.885918951331836,3,0.1309257479681198,1341,26,0.1341620815770828,7837,0,0.25687278039428396,0.0
5.275429939035095,5,0.6009005526571785,1462,38,0.6960250830694067,7779,0,0.6340017531740828,0.0
5.457422863341521,9,0.4811683454206134,1882,43,0.4812781917321851,10328,0,0.29177101437940733,0.0
4.642439257565577,8,0.1704681661592236,1205,49,0.1704681661592236,5633,0,0.09892351334284893,0.0
5.313881737218503,3,0.577414586050652,1013,44,6.060181570262385,5161,221,1.0227709412060473,0.04106280193236715
2.2480334084166382,3,0.5031781138337273,1361,48,0.5430592471581877,3104,0,0.3770537367607631,0.0
1.7590063535622937,6,0.4752216886921883,1926,20,0.4752216886921883,3401,0,0.1393196616266936,0.0
3.2401425388035143,5,0.5281064266590785,1843,49,0.5339789313555356,5973,0,0.34222801960671967,0.0
1.1357986278609284,6,0.11385257033143181,1945,30,0.11385257033143181,2279,0,0.021552265526813347,0.0
2.5811869924692505,7,0.46468144467489914,1674,15,0.46468144467489914,4322,0,0.17134710009095278,0.0
5.198673428197214,6,0.5977756026156531,1050,50,0.6263059811495811,5424,0,0.5179400235570955,0.0
2.827436814863648,8,0.12460051585983434,1244,28,0.12460051585983434,3604,0,0.04403751071163718,0.0
1.9894747729198217,10,0.6953156830030451,1691,31,0.6953156830030451,3306,0,0.1383313010550074,0.0
4.133726047738657,6,0.7679177355623894,1751,47,0.8038903346092156,7167,0,0.5290602576691225,0.0
1.1733936872519175,9,0.7598971980711637,1316,44,0.7598971980711637,1526,0,0.0990731750196804,0.0
1.3177820203858905,6,0.2562430095240299,916,14,0.2562430095240299,1231,0,0.05627873846672285,0.0
3.9096452346144694,6,0.7640982674503537,1698,19,0.7916745319845342,6721,0,0.4978921916857413,0.0
1.2281166415426972,3,0.4396084650896297,1462,34,0.44198497688025273,1803,0,0.17996349057987202,0.0
1.8004604637607038,4,0.41274502902767785,924,37,0.41366924634480184,1605,0,0.1857827765945245,0.0
3.0925654721239146,4,0.11557479707374682,970,36,0.11559296864729275,3011,0,0.08935565671949937,0.0
3.8297476010026084,9,0.5560167366806701,1034,33,0.5560167366806701,3986,0,0.23660041815778834,0.0
5.304825794638516,5,0.38821797034558725,1723,32,0.3948648906317677,8966,0,0.4118857406062963,0.0
3.3559806875935587,5,0.27062536985723706,1066,18,0.27074518190896874,3569,0,0.1816427029627503,0.0
2.7328477748317868,5,0.3007167080162131,1962,42,0.3008292130029423,5505,0,0.16436259727136962,0.0
3.8493702693985283,9,0.36089796783497596,1765,35,0.36089796783497596,6843,0,0.15435887863003364,0.0
1.7167402568194499,7,0.7281218430836411,1795,16,0.7281218430836411,3126,0,0.17857086855589446,0.0
4.109609532415854,3,0.6759018910188781,1770,10,1.5451717562012992,6909,310,0.9258976181030278,0.04294223576672669
5.954844972638107,3,0.18225369432713576,1384,35,0.19438255154710737,8334,0,0.3617641651362222,0.0
4.432421127689381,8,0.5074179983678577,1625,11,0.5075310301463768,7327,0,0.2811362820669435,0.0
4.513994335072086,8,0.5400499383782367,1791,20,0.5404853854858994,8040,0,0.3047227953119237,0.0
4.313092503632745,10,0.35762097701587914,1818,33,0.35762097701587914,7849,0,0.15424523551090066,0.0
5.286672840101364,8,0.4089208455078339,1922,20,0.40904329986155785,10207,0,0.2702288409621939,0.0
5.624532143977491,3,0.18053604908453683,1113,17,0.18825826478675056,6216,0,0.3384769370742251,0.0
4.46715637525524,7,0.7382691368699462,854,13,0.7535991937661779,3929,0,0.47113766877468055,0.0
5.589164541101862,10,0.6144440110218431,845,28,0.6145807787479153,4870,0,0.3434228678895687,0.0
5.603306613309623,6,0.7809760461173182,1622,29,1.0004346592136855,9095,0,0.729341374007595,0.0
1.4895180904739405,7,0.7005360374146827,1175,45,0.7005360374146827,1791,0,0.1490658715368713,0.0
2.7504878530925017,5,0.211820299362359,1911,32,0.211843955844843,5153,0,0.11652183208691716,0.0
2.7736291514234663,4,0.6344583395411816,1626,35,0.6669323749745633,4508,0,0.43993803647878726,0.0
2.8392775488140405,7,0.2668398630696911,983,33,0.2668398630696911,2697,0,0.10823320462034096,0.0
3.563828756862061,5,0.28521237671603483,1716,31,0.285409785778968,6095,0,0.20328961399071604,0.0
5.402086656673058,9,0.5656174340236683,1547,21,0.5657548987271388,8365,0,0.33950159923565687,0.0
2.416551187186901,3,0.2464487609539018,1363,46,0.24898608282048554,3316,0,0.19851868195463074,0.0
1.3709626815856977,8,0.35592498078622425,1425,32,0.35592498078622425,1957,0,0.06099498326275249,0.0
4.974548607876533,8,0.3313535741333551,1777,43,0.3313535741333551,8801,0,0.20604180761499938,0.0
3.071876957902276,10,0.10070156382858109,893,47,0.10070156382858109,2634,0,0.030934281354974356,0.0
3.257452605258598,7,0.7658773517765994,1687,43,0.7681822470138625,5427,0,0.35640131069331993,0.0
4.825747080103367,5,0.792244330705355,995,11,1.0126848777372468,4613,10,0.7646341531259627,0.002163097555699762
2.797598667654727,7,0.24145905734430295,810,32,0.24145905734430295,2314,0,0.09650079101708404,0.0
3.8463303605726242,7,0.10217748368204532,1814,19,0.10217748368204532,7127,0,0.05614405109330926,0.0
5.6870242627943455,7,0.14198892758346068,1522,45,0.14198892758346068,8691,0,0.11535635374504147,0.0
3.201060711921053,5,0.1616082047493293,1019,23,0.1616082047493293,3165,0,0.10346353498943425,0.0
5.847233078310394,7,0.6297903361553459,1972,28,0.646363305845938,11412,0,0.5260758408525372,0.0
3.997519827278499,5,0.12485851932885009,1292,34,0.1248592604465023,5184,0,0.09982488132434278,0.0
5.813930263278742,8,0.6949900522672046,1926,41,0.7054217880149277,11240,0,0.5050779621942469,0.0
2.7478764077709568,10,0.1085171894390109,1200,14,0.1085171894390109,3343,0,0.029819182469706967,0.0
2.7837568673302773,10,0.5778286661622416,1219,36,0.5778286661622416,3360,0,0.16085345175694343,0.0
1.1998662874713475,6,0.13257326822603588,1996,41,0.13257326822603588,2413,0,0.026511699194052805,0.0
4.327744205505967,7,0.7524904117639438,1325,41,0.7645174993469079,5759,0,0.46522657417288676,0.0
2.922688959542827,7,0.6819191716127578,946,18,0.6825486698322756,2882,0,0.2847196620247425,0.0
1.0855202747869077,10,0.1329638788526981,1158,16,0.1329638788526981,1234,0,0.014433498630891392,0.0
1.3655274353702094,9,0.7275416672222741,1941,48,0.7275416672222741,2619,0,0.11038645632966647,0.0
1.7622987048779488,4,0.19671713604911123,852,46,0.19671713604911123,1577,0,0.086668588521662,0.0
5.590059126834141,8,0.4814960445030273,1130,21,0.482496516607324,6437,0,0.33644891976358565,0.0
1.2334476677936865,4,0.6234824900423297,1599,43,0.625255497416526,1986,0,0.19225825581322797,0.0
4.031335127526891,3,0.6374270035447837,1983,32,1.6298995930133298,7998,0,0.8565606235414314,0.0
5.631048732925727,9,0.7595367318757009,1059,47,0.7627899156003958,5847,0,0.47522092795991255,0.0
1.990322957189278,7,0.567376110504371,915,14,0.567376110504371,1779,0,0.16132309972823003,0.0
5.958813522450317,5,0.22769430744750693,838,37,0.2286742436228075,5015,0,0.27135758364063284,0.0
1.5385063132647738,6,0.140182136827677,1203,25,0.140182136827677,1798,0,0.03594518375272123,0.0
4.099665504232423,8,0.7954487237724213,1860,20,0.7994544244442556,7698,0,0.4076342116544376,0.0
5.295067143682182,10,0.4746988158961736,1392,37,0.474842941135075,7278,0,0.2513562103196666,0.0
2.4569512350073444,10,0.6204048936144214,1643,30,0.6204048936144214,3994,0,0.1524304569570553,0.0
5.277822720704052,9,0.40709991414089863,1775,25,0.40713129006346405,9231,0,0.2387334640499448,0.0
1.0039725281962237,5,0.10096238747163751,1083,49,0.10096238747163751,1064,0,0.020272692680525332,0.0
1.9411590396111968,7,0.3732859130670908,1113,32,0.3732859130670908,2131,0,0.10351533207281467,0.0
3.2935786299002987,10,0.6238138074911821,1473,16,0.6238787537908655,4976,0,0.2054579825389696,0.0
4.808718884473212,5,0.7163760782852735,960,29,0.8690210940034835,4608,0,0.6889702352070509,0.0
3.7280677604425425,9,0.7806664002421377,1794,27,0.7807753863340215,6705,0,0.32337524871149426,0.0
2.4525243965849843,7,0.5450572055625077,1329,41,0.5450654605135042,3217,0,0.19096658488235527,0.0
1.7669152260165601,10,0.357746930679953,1227,30,0.357746930679953,2148,0,0.06321084988790998,0.0
5.368840830084816,7,0.45721567210040004,1858,41,0.45883327201964863,9980,0,0.3506740240753284,0.0
4.749331138329806,10,0.7271143600676917,1875,31,0.7274844979327346,9036,0,0.3453306871396239,0.0
3.2489388757354307,5,0.41280238422784343,1393,16,0.4146158530364619,4572,0,0.268233942822823,0.0
4.721356749803717,7,0.5545151614498304,1005,23,0.5579904405462917,4662,0,0.37400912862566493,0.0
4.932469112764769,10,0.19298265848547902,845,48,0.19298265848547902,4147,0,0.09518810022788572,0.0
3.41986056193576,3,0.4175249550206144,1106,48,0.4704446289439547,3711,0,0.4759590424330004,0.0
2.707693834414208,9,0.7451057361458673,1477,43,0.7451057361458673,4052,0,0.22416868974986937,0.0
5.019416457585666,8,0.5510533818472133,1554,33,0.5519459722029795,7762,0,0.3457458017315176,0.0
1.723991874742211,4,0.14369668107680703,1317,13,0.14369668107680703,2233,0,0.06193297765095953,0.0
4.405969940299475,7,0.3058615558739509,1158,12,0.30591594938843036,5192,0,0.1925166887248366,0.0
3.060041268145058,8,0.2008080415110049,920,18,0.2008080415110049,2883,0,0.07681011174988261,0.0
2.5962641394812755,8,0.6784917633649015,1509,38,0.6784917977166413,3847,0,0.22019297926971365,0.0
3.3797540928946033,6,0.7544490958982633,954,37,0.7604316930239564,3155,0,0.4249754032904647,0.0
2.4562341469527382,5,0.46548372073179733,1080,20,0.4671373542819204,2655,0,0.22866740194241056,0.0
4.4308764382804435,9,0.2818576397803949,1003,35,0.2818576397803949,4401,0,0.1387640416724765,0.0
1.2660402461002076,10,0.7171484018948399,1500,32,0.7171484018948399,1885,0,0.09079387392253137,0.0
2.825546105873161,4,0.6736715457386321,866,39,0.7185756916961302,2469,0,0.47587250317483626,0.0
3.399739751404839,6,0.15128618633978375,1655,12,0.15128618633978375,5717,0,0.08572227692296709,0.0
5.766481422309112,9,0.7193775451310737,1415,18,0.7250221517908789,8146,0,0.4609196944027413,0.0
3.8917628498843824,3,0.4597156369208364,931,18,0.5882030123856212,3627,0,0.5963680790931494,0.0
3.9452918463961475,5,0.4245109240633542,1324,38,0.4282074515044132,5306,0,0.3349638974826491,0.0
4.402084805985527,10,0.5014320628612101,978,12,0.5014320628612101,4292,0,0.22073464651553126,0.0
4.69453033293018,6,0.5844959957826049,1404,45,0.5949962524144026,6523,0,0.45732236361294487,0.0
3.7353888520033203,9,0.47585064605738936,848,28,0.47588205354652385,3145,0,0.1974985776112611,0.0
4.6245493895918255,7,0.20738410513179067,1448,40,0.20738650409944182,6597,0,0.13700829097118136,0.0
5.455637903647718,6,0.4238380874262704,1724,47,0.42763638585882074,9501,0,0.3853845224620527,0.0
3.877789489488916,9,0.7739180499030562,1405,24,0.7742331071903826,5435,0,0.33345458662664773,0.0
5.100733420670794,6,0.47572028845774494,1849,23,0.4806827471326554,9464,0,0.40442039570459504,0.0
3.1634247568675455,7,0.6963562997705092,1035,48,0.696766723280357,3282,0,0.3146958226135295,0.0
3.519995126229315,10,0.6227733825874411,1086,46,0.6227908930095344,3894,0,0.21921592714531374,0.0
1.5797636563336583,7,0.6614231305298223,1614,24,0.6614231305298223,2521,0,0.1492703175813495,0.0
4.240610112976263,5,0.13183190107013082,1217,18,0.13183190107013082,5163,0,0.11180953857817659,0.0
2.4341899526503763,10,0.7024331944070527,1100,36,0.7024331944070527,2565,0,0.1709855824233756,0.0
2.4821255945644216,7,0.67031973085375,1989,24,0.6703570953404364,4943,0,0.23768825149908962,0.0
2.5711275670667564,6,0.3249317382795496,1355,48,0.3249317382795496,3412,0,0.13924015828424505,0.0
2.337654912920279,8,0.5116390975510712,924,44,0.5116390975510712,2148,0,0.14950445625404493,0.0
4.511559460646753,7,0.1581575496296416,1587,10,0.15815866805884915,7300,0,0.10193388418633112,0.0
3.2689758901560886,7,0.7218428645019083,1873,22,0.7230798345490427,6260,0,0.3370981315054209,0.0
2.953823343805242,3,0.3208527605493544,1394,19,0.33271046887476197,4069,0,0.31591412467834556,0.0
4.751749753029419,8,0.6166745900444135,1838,39,0.618077261387278,8778,0,0.3662854163678825,0.0
2.5679656592558437,3,0.21707567817035733,816,38,0.21786950037140007,2127,0,0.18581429566705035,0.0
3.935508068551907,9,0.3544426009621733,1660,33,0.3544609554180712,6645,0,0.15499019065835073,0.0
2.2824755273772754,10,0.6253766165633362,1911,20,0.6253766165633362,4397,0,0.14274068226998168,0.0
3.5755090742771634,4,0.7564511939169363,1713,27,0.9967315478336326,6090,0,0.6761745270244499,0.0
5.36426948499437,3,0.42409540876561747,1854,42,0.7865188671653989,9937,0,0.7583206866558719,0.0
4.797661625612379,9,0.4486020872722024,1429,24,0.4486973097311278,6950,0,0.23913789103060681,0.0
3.5739615127794355,3,0.12218306513628793,1779,39,0.12272596495076299,6206,0,0.14555919077017196,0.0
2.7721857865411756,8,0.15858907866996524,1027,26,0.15858907866996524,2767,0,0.05495479872369225,0.0
3.2877435785475075,3,0.6365592783635574,1064,40,0.9337496223646582,3465,0,0.6976145599348738,0.0
1.8662373334105862,3,0.6949638747225988,999,41,0.7605887996385507,1873,0,0.43232250945966383,0.0
5.402634744241,8,0.5650156664445007,1626,42,0.5659995298053885,8481,0,0.38157165882169297,0.0
1.2843143417401035,6,0.6397331636412825,860,31,0.6397331636412825,1061,0,0.13693641282521127,0.0
3.090862515565235,5,0.5914012471305126,1584,49,0.5966970156245254,4850,0,0.36558798928284664,0.0
1.7758416015934082,9,0.13461779475443503,1225,21,0.13461779475443503,2167,0,0.026562208915520955,0.0
4.069643139492545,5,0.5840940296177644,938,47,0.6132993522449675,3793,0,0.475410852090498,0.0
1.097681252611851,9,0.5551980696082618,1848,17,0.5551980696082618,1997,0,0.06771450138836427,0.0
1.9886002676053214,5,0.23707440113208708,1703,36,0.2371298543819009,3404,0,0.09428924350672793,0.0
5.2539031950784345,8,0.2740850926823007,1879,48,0.2740850926823007,9888,0,0.18000206802086355,0.0
5.6074691287099165,3,0.4869007258428485,1372,26,1.8379454761353937,7672,75,0.9100935963034078,0.009681166903317414
4.578137383398667,9,0.18516489325650357,1046,14,0.18516489325650357,4800,0,0.09419003554562475,0.0
5.45817262064537,4,0.7086844676897196,1847,15,1.7622265823164232,9664,323,0.9670305395551665,0.03234204465805547
3.644030907759824,9,0.5602695548694459,1952,12,0.5602718798528077,7199,0,0.22684884162456656,0.0
3.378069351210938,10,0.3628896973201914,1132,45,0.3628896973201914,3741,0,0.12258665643875526,0.0
4.8878518843495335,3,0.39373515915890744,879,33,0.5266298615314489,4315,0,0.6415063798765098,0.0
5.94677523631896,4,0.5296616053598617,1555,46,0.9186787995910282,9190,0,0.7874446295957428,0.0
1.0759798452863185,10,0.5597607167106393,805,22,0.5597607167106393,868,0,0.06022912493636725,0.0
4.814374416879108,3,0.19053196271046835,1498,32,0.19651262817273635,7128,0,0.30576406895701436,0.0
5.205275267601979,4,0.4427367112932693,1562,44,0.5072869759770859,8189,0,0.5761416133385732,0.0
1.1336983897088906,9,0.2307038275830451,1191,11,0.2307038275830451,1323,0,0.029060950870063978,0.0
1.6165327881481564,10,0.325181556647286,1062,10,0.325181556647286,1760,0,0.05256666484213949,0.0
5.640689942035488,3,0.1958342847467524,1403,39,0.20613916545435498,7893,0,0.36821349342557336,0.0
2.181249312129109,7,0.6336935351160796,1471,36,0.6337466649614648,3203,0,0.19746336965323028,0.0
5.876779579217678,9,0.7454701342349107,1767,31,0.7525498562317202,10443,0,0.4867737401987094,0.0
4.668405727998289,4,0.6730343834105765,1500,33,1.125162823292722,7045,0,0.785499392663433,0.0
3.552810443166729,8,0.7762169664126555,1139,27,0.7763590530293263,4037,0,0.34471896805426006,0.0
4.5989171974670775,7,0.11107915987756951,1457,36,0.11107915987756951,6686,0,0.07297769409159278,0.0
4.7665808720170215,6,0.268644887275769,1649,30,0.2687814765015476,7966,0,0.21341959684230827,0.0
3.2313417012156678,6,0.4628961663484952,1603,36,0.4633343457618994,5112,0,0.24929594760912618,0.0
3.936243364417286,8,0.42644510965521154,1303,33,0.4264466916175442,5132,0,0.20982396664606603,0.0
4.754036594074605,6,0.6033686342140162,1384,33,0.6156622864238608,6589,0,0.4780727611283746,0.0
2.227633938677793,3,0.5983986418271069,895,24,0.6506856089772858,1925,0,0.4443377077975867,0.0
4.5907703855929185,6,0.2891306115121508,1922,30,0.2892182757844017,8907,0,0.2212220414830588,0.0
1.9452246409719138,4,0.22809251121096966,1821,20,0.2281133141277615,3553,0,0.11092279330718517,0.0
4.159082104104209,8,0.2804966045230165,1361,32,0.2804966045230165,5681,0,0.14582605101670923,0.0
5.013422668831794,6,0.3582712507366982,1686,25,0.3594309539144681,8444,0,0.2993608683390137,0.0
5.46354059989657,8,0.4200564292110278,1619,10,0.4205808094376282,8903,0,0.28687441940525377,0.0
1.7165311442527615,10,0.15524422816095382,1250,45,0.15524422816095382,2199,0,0.026648155260375884,0.0
2.6268652852350405,8,0.40405253209864234,1666,34,0.40405253209864234,4371,0,0.13267394624765505,0.0
2.1655372039182383,6,0.20135943461058375,803,19,0.20135943461058375,1756,0,0.07267522450152682,0.0
2.8094602931882258,7,0.18147820316526864,1062,13,0.18147820316526864,3060,0,0.07283654369599543,0.0
3.465136008644839,4,0.6443417437565614,1136,47,0.717592148607838,3917,0,0.5581829445409666,0.0
4.108942767011253,7,0.11725964088693308,1856,32,0.11725964088693308,7527,0,0.06883045046924295,0.0
3.774664989670238,7,0.47504346375980444,1051,15,0.47531841284236076,3801,0,0.2561614187465452,0.0
2.746550032834971,7,0.12421710041603129,1678,44,0.12421710041603129,4618,0,0.04873835446090223,0.0
5.183559630783289,10,0.5427910816477807,1590,42,0.5429337965576169,8213,0,0.28135899387786323,0.0
4.0942914843238345,6,0.6717662405182825,996,36,0.6835963271231438,4040,0,0.4584011330017068,0.0
4.9481916140513365,7,0.4641527130720564,1494,24,0.4655208870433465,7245,0,0.32810236606604654,0.0
4.947552100110683,7,0.13421084710366843,926,24,0.13421084710366843,4581,0,0.09485930834934121,0.0
2.4365011635825002,8,0.378658116032884,947,27,0.378658116032884,2342,0,0.11532511753925992,0.0
2.6078066376543503,5,0.40503212273861555,1596,47,0.405231721214804,4140,0,0.21124909162819866,0.0
5.250308029090727,5,0.7843858898704664,1893,18,1.2586447765885325,9859,33,0.8236535070984768,0.0033360291144359077
5.6209912886453175,6,0.21971137446120736,1743,20,0.21975539501435354,9654,0,0.205832620310456,0.0
1.3432121524866156,10,0.2791840411301497,893,18,0.2791840411301497,1264,0,0.03750033968263402,0.0
2.7827957142989392,3,0.3501628003544578,813,44,0.36805023726666225,2265,0,0.32481051337776673,0.0
3.328134172475935,4,0.27994432313373524,1071,18,0.2812539102646017,3603,0,0.23292306705300742,0.0
3.8826832801640343,5,0.6069851391488426,914,12,0.6386973736933744,3537,0,0.4713462102162501,0.0
3.8812399662254,3,0.5279945103632129,1535,13,0.7520776750479389,5896,0,0.6830911318564376,0.0
4.24759148303177,4,0.26854579380085664,1845,48,0.27189457509141063,7899,0,0.28516820663813114,0.0
2.2243064157501986,7,0.4792344954894572,1466,19,0.4792344954894572,3185,0,0.15228062328085845,0.0
5.890964056471802,8,0.6686809572078538,1356,16,0.6788669725793516,8084,0,0.4923969355198282,0.0
4.710513056607539,9,0.12278605333196621,800,17,0.12278605333196621,3743,0,0.06426503415439294,0.0
3.815092643784203,9,0.11535033739235256,1980,40,0.11535033739235256,7625,0,0.04889691373817669,0.0
1.717396640704881,3,0.7891331949433235,1698,10,0.8684375217151332,2934,0,0.45175156602145794,0.0
3.9367516160919482,3,0.5858836698906416,1132,10,1.0165561367838967,4378,43,0.7688261614279549,0.00972630626555078
4.457677396837577,5,0.27376503754561343,1688,20,0.2745719357945566,7536,0,0.24407124398229435,0.0
2.994730763633586,3,0.420566601230162,1967,46,0.4571471986929766,5889,0,0.4198279129535949,0.0
1.9920108215497754,8,0.32106327440297555,1998,34,0.32106327440297555,3966,0,0.07994518962661654,0.0
4.099766156763167,8,0.360531509249409,1433,35,0.360531509249409,5894,0,0.18476186000843423,0.0
5.407149783887057,4,0.6836123596635115,1353,14,1.4642909244750317,7138,137,0.9240986057042694,0.018831615120274914
